commence_time,first_away_odds,last_away_odds,away_line_movement,first_home_odds,last_home_odds,home_line_movement,home_score,away_score,result
2024-05-07 22:45:00,-230.00,156.00,386.00,190.00,-200.00,-390.00,3,0,HOME WIN
2023-06-02 21:10:00,-196.00,154.00,350.00,164.00,-200.00,-364.00,4,5,AWAY WIN
2023-05-22 22:40:00,-190.00,144.00,334.00,160.00,-186.00,-346.00,6,5,HOME WIN
2023-08-09 22:39:50,-162.00,164.00,326.00,136.00,-215.00,-351.00,9,5,HOME WIN
2024-04-29 23:40:00,-162.00,164.00,326.00,136.00,-215.00,-351.00,2,3,AWAY WIN
2024-06-04 22:42:47,-188.00,138.00,326.00,158.00,-176.00,-334.00,1,0,HOME WIN
2023-04-04 23:39:42,-164.00,160.00,324.00,138.00,-210.00,-348.00,9,0,HOME WIN
2024-09-14 23:11:00,-172.00,150.00,322.00,144.00,-194.00,-338.00,7,6,HOME WIN
2024-06-25 23:11:18,-156.00,160.00,316.00,132.00,-210.00,-342.00,9,7,HOME WIN
2023-04-18 23:40:00,-134.00,172.00,306.00,114.00,-220.00,-334.00,3,0,HOME WIN
2023-04-29 23:10:00,-126.00,178.00,304.00,108.00,-230.00,-338.00,3,12,AWAY WIN
2024-07-02 22:44:58,-132.00,170.00,302.00,112.00,-220.00,-332.00,2,7,AWAY WIN
2024-08-02 23:11:00,-124.00,176.00,300.00,106.00,-230.00,-336.00,8,4,HOME WIN
2023-05-10 23:40:00,-142.00,150.00,292.00,120.00,-192.00,-312.00,9,1,HOME WIN
2024-09-04 23:11:00,-116.00,176.00,292.00,-102.00,-230.00,-128.00,8,3,HOME WIN
2023-04-26 22:35:00,-138.00,150.00,288.00,118.00,-192.00,-310.00,8,1,HOME WIN
2024-06-18 23:09:29,-116.00,172.00,288.00,-102.00,-225.00,-123.00,3,4,AWAY WIN
2023-04-03 22:40:00,-120.00,166.00,286.00,102.00,-215.00,-317.00,7,6,HOME WIN
2024-06-28 23:08:00,-126.00,160.00,286.00,108.00,-210.00,-318.00,5,16,AWAY WIN
2023-05-31 23:10:00,-120.00,164.00,284.00,102.00,-215.00,-317.00,4,1,HOME WIN
2024-06-12 22:50:34,-106.00,178.00,284.00,-110.00,-235.00,-125.00,3,4,AWAY WIN
2024-05-08 23:41:00,-118.00,160.00,278.00,100.00,-210.00,-310.00,6,3,HOME WIN
2024-07-10 22:41:00,-138.00,140.00,278.00,118.00,-180.00,-298.00,5,4,HOME WIN
2024-04-06 23:05:00,-116.00,160.00,276.00,-102.00,-210.00,-108.00,7,2,HOME WIN
2024-09-03 22:51:00,-108.00,168.00,276.00,-108.00,-220.00,-112.00,2,1,HOME WIN
2023-07-01 23:15:00,-108.00,164.00,272.00,-108.00,-215.00,-107.00,8,3,HOME WIN
2023-07-21 23:10:00,-118.00,154.00,272.00,100.00,-200.00,-300.00,6,5,HOME WIN
2023-05-12 23:06:06,-136.00,134.00,270.00,116.00,-172.00,-288.00,2,3,AWAY WIN
2023-09-26 22:10:00,-104.00,166.00,270.00,-112.00,-215.00,-103.00,7,11,AWAY WIN
2024-09-20 23:11:00,-116.00,154.00,270.00,-102.00,-200.00,-98.00,2,12,AWAY WIN
2024-07-06 23:45:00,-110.00,158.00,268.00,-106.00,-205.00,-99.00,5,1,HOME WIN
2023-04-23 23:10:00,-118.00,148.00,266.00,100.00,-190.00,-290.00,5,4,HOME WIN
2024-04-24 23:39:44,-106.00,160.00,266.00,-110.00,-210.00,-100.00,4,3,HOME WIN
2023-04-18 23:40:00,-124.00,136.00,260.00,106.00,-174.00,-280.00,2,12,AWAY WIN
2024-05-18 23:17:20,-124.00,136.00,260.00,106.00,-174.00,-280.00,7,2,HOME WIN
2024-07-20 23:11:00,-108.00,152.00,260.00,-108.00,-196.00,-88.00,0,7,AWAY WIN
2023-04-14 23:10:00,-118.00,140.00,258.00,100.00,-166.00,-266.00,3,6,AWAY WIN
2023-08-03 23:15:00,-102.00,154.00,256.00,-116.00,-200.00,-84.00,4,3,HOME WIN
2024-04-15 23:07:00,-108.00,146.00,254.00,-108.00,-186.00,-78.00,3,1,HOME WIN
2024-04-24 23:40:00,-110.00,144.00,254.00,-106.00,-186.00,-80.00,3,2,HOME WIN
2024-08-07 23:46:00,-102.00,152.00,254.00,-116.00,-196.00,-80.00,5,2,HOME WIN
2024-08-08 23:08:00,-120.00,134.00,254.00,102.00,-172.00,-274.00,7,6,HOME WIN
2024-05-05 23:10:00,-122.00,130.00,252.00,104.00,-166.00,-270.00,5,4,HOME WIN
2024-07-03 23:08:00,-110.00,140.00,250.00,-106.00,-180.00,-74.00,2,9,AWAY WIN
2024-06-12 23:10:00,-108.00,134.00,242.00,-108.00,-172.00,-64.00,4,2,HOME WIN
2024-08-22 23:16:00,-104.00,132.00,236.00,-112.00,-170.00,-58.00,3,2,HOME WIN
2023-06-11 23:10:00,106.00,180.00,74.00,-124.00,-235.00,-111.00,2,3,AWAY WIN
2023-05-09 23:39:16,106.00,172.00,66.00,-124.00,-225.00,-101.00,4,6,AWAY WIN
2024-09-11 23:46:00,110.00,172.00,62.00,-130.00,-225.00,-95.00,2,1,HOME WIN
2023-05-10 23:40:00,108.00,168.00,60.00,-126.00,-215.00,-89.00,4,3,HOME WIN
2023-06-06 23:07:00,120.00,180.00,60.00,-142.00,-235.00,-93.00,5,1,HOME WIN
2024-07-12 22:51:00,118.00,178.00,60.00,-138.00,-230.00,-92.00,2,0,HOME WIN
2024-09-13 22:46:00,120.00,180.00,60.00,-142.00,-235.00,-93.00,4,1,HOME WIN
2023-06-07 23:40:00,124.00,180.00,56.00,-146.00,-235.00,-89.00,10,2,HOME WIN
2023-06-27 23:06:05,120.00,176.00,56.00,-142.00,-230.00,-88.00,1,3,AWAY WIN
2024-06-18 23:08:14,124.00,178.00,54.00,-146.00,-235.00,-89.00,4,2,HOME WIN
2024-05-20 23:45:00,100.00,152.00,52.00,-118.00,-196.00,-78.00,6,3,HOME WIN
2024-09-06 23:06:00,110.00,162.00,52.00,-130.00,-210.00,-80.00,2,0,HOME WIN
2024-09-10 23:46:00,110.00,162.00,52.00,-130.00,-210.00,-80.00,0,3,AWAY WIN
2024-09-12 23:16:00,116.00,168.00,52.00,-134.00,-220.00,-86.00,2,5,AWAY WIN
2023-09-18 22:40:00,128.00,176.00,48.00,-152.00,-230.00,-78.00,1,2,AWAY WIN
2023-05-30 23:10:00,102.00,148.00,46.00,-120.00,-190.00,-70.00,2,0,HOME WIN
2023-06-17 01:40:00,120.00,166.00,46.00,-142.00,-198.00,-56.00,5,1,HOME WIN
2024-08-26 23:09:37,130.00,176.00,46.00,-154.00,-230.00,-76.00,3,7,AWAY WIN
2023-04-24 23:40:00,110.00,154.00,44.00,-130.00,-200.00,-70.00,6,1,HOME WIN
2024-06-06 23:05:00,124.00,166.00,42.00,-146.00,-215.00,-69.00,8,5,HOME WIN
2024-08-12 23:11:00,112.00,154.00,42.00,-132.00,-200.00,-68.00,5,4,HOME WIN
2024-07-12 22:41:00,112.00,152.00,40.00,-132.00,-196.00,-64.00,3,4,AWAY WIN
2024-09-13 23:08:00,124.00,164.00,40.00,-146.00,-215.00,-69.00,5,4,HOME WIN
2024-09-27 23:11:00,110.00,150.00,40.00,-130.00,-194.00,-64.00,1,2,AWAY WIN
2023-07-06 22:40:00,120.00,156.00,36.00,-142.00,-200.00,-58.00,0,3,AWAY WIN
2024-03-30 23:05:00,102.00,138.00,36.00,-120.00,-180.00,-60.00,11,2,HOME WIN
2024-04-17 22:50:00,112.00,148.00,36.00,-132.00,-190.00,-58.00,4,5,AWAY WIN
2024-08-06 01:41:00,144.00,180.00,36.00,-172.00,-215.00,-43.00,5,1,HOME WIN
2024-08-25 01:11:00,144.00,180.00,36.00,-172.00,-215.00,-43.00,8,9,AWAY WIN
2024-09-06 00:06:00,130.00,166.00,36.00,-154.00,-198.00,-44.00,3,1,HOME WIN
2023-09-19 00:10:00,130.00,164.00,34.00,-154.00,-196.00,-42.00,7,8,AWAY WIN
2023-09-23 01:40:00,120.00,154.00,34.00,-142.00,-184.00,-42.00,4,2,HOME WIN
2023-04-25 23:40:00,140.00,172.00,32.00,-166.00,-225.00,-59.00,3,4,AWAY WIN
2023-08-28 22:40:00,124.00,156.00,32.00,-146.00,-200.00,-54.00,6,4,HOME WIN
2024-07-19 23:10:00,100.00,132.00,32.00,-118.00,-170.00,-52.00,7,0,HOME WIN
2024-08-13 01:41:00,136.00,168.00,32.00,-162.00,-200.00,-38.00,2,1,HOME WIN
2023-04-29 23:05:00,112.00,142.00,30.00,-132.00,-182.00,-50.00,2,0,HOME WIN
2023-05-03 00:10:00,142.00,172.00,30.00,-168.00,-205.00,-37.00,0,2,AWAY WIN
2023-09-24 00:40:00,136.00,166.00,30.00,-162.00,-198.00,-36.00,2,5,AWAY WIN
2024-08-31 23:16:00,128.00,158.00,30.00,-152.00,-205.00,-53.00,3,0,HOME WIN
2024-09-02 23:41:00,118.00,148.00,30.00,-138.00,-192.00,-54.00,3,5,AWAY WIN
2023-05-03 01:40:00,140.00,168.00,28.00,-166.00,-200.00,-34.00,1,2,AWAY WIN
2023-09-13 01:45:00,124.00,152.00,28.00,-146.00,-180.00,-34.00,1,3,AWAY WIN
2024-06-12 23:45:00,140.00,168.00,28.00,-166.00,-220.00,-54.00,4,2,HOME WIN
2024-06-19 23:41:59,136.00,164.00,28.00,-162.00,-215.00,-53.00,2,3,AWAY WIN
2024-09-21 00:11:00,136.00,164.00,28.00,-162.00,-196.00,-34.00,1,2,AWAY WIN
2023-06-30 23:07:00,116.00,142.00,26.00,-136.00,-182.00,-46.00,0,5,AWAY WIN
2023-07-21 23:10:00,110.00,136.00,26.00,-130.00,-174.00,-44.00,9,6,HOME WIN
2023-09-14 23:16:32,118.00,144.00,26.00,-138.00,-186.00,-48.00,3,4,AWAY WIN
2024-05-16 00:05:00,128.00,154.00,26.00,-152.00,-184.00,-32.00,4,0,HOME WIN
2024-07-19 23:05:00,150.00,176.00,26.00,-178.00,-230.00,-52.00,6,1,HOME WIN
2023-06-04 02:10:00,134.00,158.00,24.00,-158.00,-188.00,-30.00,6,0,HOME WIN
2023-08-02 23:07:00,112.00,136.00,24.00,-132.00,-174.00,-42.00,4,1,HOME WIN
2024-06-15 00:10:00,118.00,142.00,24.00,-138.00,-168.00,-30.00,5,6,AWAY WIN
2024-08-31 00:11:00,134.00,158.00,24.00,-158.00,-188.00,-30.00,2,0,HOME WIN
2023-07-16 21:30:00,110.00,132.00,22.00,-130.00,-168.00,-38.00,2,1,HOME WIN
2023-08-05 23:45:00,138.00,160.00,22.00,-164.00,-210.00,-46.00,12,1,HOME WIN
2023-08-15 00:05:00,146.00,168.00,22.00,-174.00,-200.00,-26.00,12,0,HOME WIN
2024-05-02 00:05:00,142.00,164.00,22.00,-168.00,-196.00,-28.00,0,1,AWAY WIN
2024-05-07 23:46:40,108.00,130.00,22.00,-126.00,-166.00,-40.00,5,7,AWAY WIN
2024-05-27 22:42:26,146.00,168.00,22.00,-174.00,-215.00,-41.00,2,1,HOME WIN
2024-08-10 02:11:00,154.00,176.00,22.00,-184.00,-210.00,-26.00,9,5,HOME WIN
2024-08-20 00:06:00,108.00,130.00,22.00,-126.00,-154.00,-28.00,4,3,HOME WIN
2024-09-06 23:11:00,136.00,158.00,22.00,-162.00,-205.00,-43.00,6,4,HOME WIN
2024-09-11 01:41:00,124.00,146.00,22.00,-146.00,-174.00,-28.00,6,0,HOME WIN
2023-09-11 23:07:00,124.00,144.00,20.00,-146.00,-182.00,-36.00,4,10,AWAY WIN
2024-05-07 23:20:59,140.00,160.00,20.00,-166.00,-210.00,-44.00,4,2,HOME WIN
2024-05-18 00:05:00,138.00,158.00,20.00,-164.00,-188.00,-24.00,3,9,AWAY WIN
2024-06-29 23:16:00,124.00,144.00,20.00,-146.00,-182.00,-36.00,6,5,HOME WIN
2024-07-20 23:16:00,116.00,136.00,20.00,-136.00,-174.00,-38.00,7,6,HOME WIN
2024-08-10 23:11:00,118.00,138.00,20.00,-138.00,-178.00,-40.00,1,0,HOME WIN
2023-07-30 00:10:00,134.00,152.00,18.00,-158.00,-180.00,-22.00,6,11,AWAY WIN
2024-03-21 10:05:00,140.00,158.00,18.00,-166.00,-188.00,-22.00,11,15,AWAY WIN
2024-05-05 01:10:00,140.00,158.00,18.00,-166.00,-188.00,-22.00,11,2,HOME WIN
2024-06-29 01:41:00,128.00,146.00,18.00,-152.00,-174.00,-22.00,4,9,AWAY WIN
2024-07-04 00:06:00,118.00,136.00,18.00,-138.00,-162.00,-24.00,4,6,AWAY WIN
2024-07-28 00:11:00,136.00,154.00,18.00,-162.00,-184.00,-22.00,9,5,HOME WIN
2023-06-03 01:40:00,130.00,146.00,16.00,-154.00,-174.00,-20.00,1,2,AWAY WIN
2023-06-15 01:40:00,126.00,142.00,16.00,-148.00,-168.00,-20.00,5,0,HOME WIN
2023-07-22 23:44:00,120.00,136.00,16.00,-142.00,-174.00,-32.00,3,2,HOME WIN
2023-07-23 01:07:00,150.00,166.00,16.00,-178.00,-198.00,-20.00,0,3,AWAY WIN
2023-08-16 00:05:00,152.00,168.00,16.00,-180.00,-200.00,-20.00,7,3,HOME WIN
2023-09-06 01:40:00,160.00,176.00,16.00,-190.00,-210.00,-20.00,2,3,AWAY WIN
2024-05-14 00:10:00,136.00,152.00,16.00,-162.00,-180.00,-18.00,9,2,HOME WIN
2024-05-28 23:40:08,124.00,140.00,16.00,-146.00,-180.00,-34.00,3,6,AWAY WIN
2024-08-07 01:41:00,144.00,160.00,16.00,-172.00,-190.00,-18.00,1,5,AWAY WIN
2024-08-10 00:11:00,114.00,130.00,16.00,-134.00,-154.00,-20.00,8,3,HOME WIN
2024-08-21 02:11:00,120.00,136.00,16.00,-142.00,-162.00,-20.00,6,3,HOME WIN
2024-08-22 22:41:00,124.00,140.00,16.00,-146.00,-180.00,-34.00,7,0,HOME WIN
2024-09-15 00:11:00,118.00,134.00,16.00,-138.00,-158.00,-20.00,8,15,AWAY WIN
2024-09-15 01:41:00,124.00,140.00,16.00,-146.00,-166.00,-20.00,5,4,HOME WIN
2024-09-19 23:16:00,116.00,132.00,16.00,-134.00,-170.00,-36.00,10,6,HOME WIN
2023-04-21 23:05:00,152.00,166.00,14.00,-180.00,-215.00,-35.00,2,1,HOME WIN
2023-05-23 00:00:00,118.00,132.00,14.00,-138.00,-156.00,-18.00,6,8,AWAY WIN
2023-05-30 23:10:00,166.00,180.00,14.00,-198.00,-235.00,-37.00,8,9,AWAY WIN
2023-08-05 00:10:00,146.00,160.00,14.00,-174.00,-190.00,-16.00,4,8,AWAY WIN
2023-08-17 00:40:00,140.00,154.00,14.00,-166.00,-184.00,-18.00,5,2,HOME WIN
2023-09-19 00:05:00,140.00,154.00,14.00,-166.00,-184.00,-18.00,2,4,AWAY WIN
2023-09-20 00:05:00,118.00,132.00,14.00,-138.00,-156.00,-18.00,6,4,HOME WIN
2024-03-28 19:05:00,136.00,150.00,14.00,-162.00,-178.00,-16.00,11,3,HOME WIN
2024-04-14 23:45:00,144.00,158.00,14.00,-172.00,-205.00,-33.00,3,6,AWAY WIN
2024-05-01 00:10:00,130.00,144.00,14.00,-154.00,-172.00,-18.00,10,9,HOME WIN
2024-06-04 00:10:00,138.00,152.00,14.00,-164.00,-180.00,-16.00,7,4,HOME WIN
2024-07-11 01:45:00,118.00,132.00,14.00,-138.00,-156.00,-18.00,6,10,AWAY WIN
2024-07-24 02:11:00,116.00,130.00,14.00,-134.00,-154.00,-20.00,5,2,HOME WIN
2023-04-25 01:38:00,168.00,180.00,12.00,-200.00,-215.00,-15.00,10,11,AWAY WIN
2023-04-30 01:10:00,120.00,132.00,12.00,-142.00,-156.00,-14.00,1,0,HOME WIN
2023-07-08 00:10:00,130.00,142.00,12.00,-154.00,-168.00,-14.00,1,3,AWAY WIN
2023-07-29 01:40:00,138.00,150.00,12.00,-164.00,-178.00,-14.00,7,1,HOME WIN
2023-08-16 00:05:00,142.00,154.00,12.00,-168.00,-184.00,-16.00,3,5,AWAY WIN
2024-04-11 00:05:00,154.00,166.00,12.00,-184.00,-198.00,-14.00,6,2,HOME WIN
2024-04-14 01:10:00,164.00,176.00,12.00,-196.00,-210.00,-14.00,5,2,HOME WIN
2024-04-19 23:20:00,158.00,170.00,12.00,-188.00,-220.00,-32.00,8,3,HOME WIN
2024-08-28 01:40:00,126.00,138.00,12.00,-148.00,-164.00,-16.00,2,3,AWAY WIN
2024-08-31 00:11:00,140.00,152.00,12.00,-166.00,-180.00,-14.00,3,2,HOME WIN
2024-09-10 02:11:00,146.00,158.00,12.00,-174.00,-188.00,-14.00,4,10,AWAY WIN
2024-09-11 23:06:00,130.00,142.00,12.00,-154.00,-184.00,-30.00,4,3,HOME WIN
2024-09-17 01:38:00,154.00,166.00,12.00,-184.00,-198.00,-14.00,4,8,AWAY WIN
2023-05-14 00:10:00,140.00,150.00,10.00,-166.00,-178.00,-12.00,7,2,HOME WIN
2023-05-16 00:10:00,154.00,164.00,10.00,-184.00,-196.00,-12.00,6,4,HOME WIN
2023-06-04 23:09:59,124.00,134.00,10.00,-146.00,-172.00,-26.00,1,4,AWAY WIN
2023-07-01 01:38:00,134.00,144.00,10.00,-158.00,-172.00,-14.00,2,6,AWAY WIN
2023-07-28 23:50:00,154.00,164.00,10.00,-184.00,-215.00,-31.00,10,7,HOME WIN
2023-10-17 00:07:00,136.00,146.00,10.00,-162.00,-174.00,-12.00,5,3,HOME WIN
2024-04-27 00:05:00,136.00,146.00,10.00,-162.00,-174.00,-12.00,2,1,HOME WIN
2024-05-02 00:10:00,144.00,154.00,10.00,-172.00,-184.00,-12.00,2,3,AWAY WIN
2024-06-02 23:10:00,120.00,130.00,10.00,-142.00,-166.00,-24.00,4,5,AWAY WIN
2024-06-14 01:40:00,150.00,160.00,10.00,-178.00,-190.00,-12.00,11,1,HOME WIN
2024-06-15 01:40:00,154.00,164.00,10.00,-184.00,-196.00,-12.00,7,1,HOME WIN
2024-08-04 00:40:00,166.00,176.00,10.00,-198.00,-210.00,-12.00,3,2,HOME WIN
2024-08-20 01:41:00,128.00,138.00,10.00,-152.00,-164.00,-12.00,5,3,HOME WIN
2024-08-23 01:41:00,124.00,134.00,10.00,-146.00,-158.00,-12.00,3,8,AWAY WIN
2024-08-29 00:10:00,134.00,144.00,10.00,-158.00,-172.00,-14.00,5,3,HOME WIN
2024-09-24 01:41:00,144.00,154.00,10.00,-172.00,-184.00,-12.00,3,6,AWAY WIN
2023-04-05 01:40:00,138.00,146.00,8.00,-164.00,-174.00,-10.00,11,2,HOME WIN
2023-04-18 23:45:00,152.00,160.00,8.00,-180.00,-210.00,-30.00,7,8,AWAY WIN
2023-04-29 23:10:00,122.00,130.00,8.00,-144.00,-166.00,-22.00,7,5,HOME WIN
2023-05-06 01:40:00,152.00,160.00,8.00,-180.00,-190.00,-10.00,3,1,HOME WIN
2023-05-18 00:10:00,136.00,144.00,8.00,-162.00,-172.00,-10.00,7,6,HOME WIN
2023-06-01 00:10:00,150.00,158.00,8.00,-178.00,-188.00,-10.00,2,8,AWAY WIN
2023-06-03 02:15:00,128.00,136.00,8.00,-152.00,-162.00,-10.00,2,3,AWAY WIN
2023-06-06 01:10:00,136.00,144.00,8.00,-162.00,-172.00,-10.00,5,0,HOME WIN
2023-08-02 00:10:00,160.00,168.00,8.00,-190.00,-200.00,-10.00,2,0,HOME WIN
2023-08-18 02:10:00,122.00,130.00,8.00,-144.00,-154.00,-10.00,1,0,HOME WIN
2023-08-23 01:38:00,124.00,132.00,8.00,-146.00,-156.00,-10.00,3,4,AWAY WIN
2023-08-28 23:40:00,138.00,146.00,8.00,-164.00,-186.00,-22.00,10,6,HOME WIN
2024-04-04 23:40:00,136.00,144.00,8.00,-162.00,-182.00,-20.00,10,1,HOME WIN
2024-04-10 01:45:00,146.00,154.00,8.00,-174.00,-184.00,-10.00,3,5,AWAY WIN
2024-05-14 01:40:00,126.00,134.00,8.00,-148.00,-158.00,-10.00,6,5,HOME WIN
2024-06-05 00:10:00,126.00,134.00,8.00,-148.00,-158.00,-10.00,8,5,HOME WIN
2024-07-11 00:11:00,128.00,136.00,8.00,-152.00,-162.00,-10.00,9,0,HOME WIN
2024-07-23 00:06:00,136.00,144.00,8.00,-162.00,-172.00,-10.00,4,3,HOME WIN
2024-09-18 23:11:00,136.00,144.00,8.00,-162.00,-186.00,-24.00,10,0,HOME WIN
2023-04-01 01:40:00,154.00,160.00,6.00,-184.00,-190.00,-6.00,1,4,AWAY WIN
2023-04-01 02:10:00,158.00,164.00,6.00,-188.00,-196.00,-8.00,1,2,AWAY WIN
2023-04-11 00:05:00,140.00,146.00,6.00,-166.00,-174.00,-8.00,11,2,HOME WIN
2023-05-17 00:10:00,144.00,150.00,6.00,-172.00,-178.00,-6.00,7,3,HOME WIN
2023-06-07 00:30:00,136.00,142.00,6.00,-162.00,-168.00,-6.00,6,4,HOME WIN
2023-06-14 01:40:00,136.00,142.00,6.00,-162.00,-168.00,-6.00,6,3,HOME WIN
2023-08-25 01:40:00,144.00,150.00,6.00,-172.00,-178.00,-6.00,3,2,HOME WIN
2024-03-31 01:40:00,132.00,138.00,6.00,-156.00,-164.00,-8.00,4,3,HOME WIN
2024-04-04 00:10:00,126.00,132.00,6.00,-148.00,-156.00,-8.00,8,0,HOME WIN
2024-04-16 01:40:00,128.00,134.00,6.00,-152.00,-158.00,-6.00,2,3,AWAY WIN
2024-05-13 23:20:00,128.00,134.00,6.00,-152.00,-172.00,-20.00,2,0,HOME WIN
2024-05-14 01:40:00,124.00,130.00,6.00,-146.00,-154.00,-8.00,6,2,HOME WIN
2024-06-01 00:10:00,146.00,152.00,6.00,-174.00,-180.00,-6.00,12,5,HOME WIN
2024-07-04 00:11:00,140.00,146.00,6.00,-166.00,-174.00,-8.00,2,9,AWAY WIN
2024-07-06 00:11:00,124.00,130.00,6.00,-146.00,-154.00,-8.00,12,13,AWAY WIN
2024-08-24 02:11:00,158.00,164.00,6.00,-188.00,-196.00,-8.00,7,3,HOME WIN
2024-09-06 00:41:00,128.00,134.00,6.00,-152.00,-158.00,-6.00,3,4,AWAY WIN
2024-09-11 00:11:00,154.00,160.00,6.00,-184.00,-190.00,-6.00,3,4,AWAY WIN
2023-03-31 01:40:00,176.00,180.00,4.00,-210.00,-215.00,-5.00,2,7,AWAY WIN
2023-04-19 01:40:00,138.00,142.00,4.00,-164.00,-168.00,-4.00,5,6,AWAY WIN
2023-04-22 00:10:00,140.00,144.00,4.00,-166.00,-172.00,-6.00,3,5,AWAY WIN
2023-05-28 02:07:00,176.00,180.00,4.00,-210.00,-215.00,-5.00,5,8,AWAY WIN
2023-06-09 23:20:00,168.00,172.00,4.00,-200.00,-225.00,-25.00,3,2,HOME WIN
2023-07-09 02:10:00,146.00,150.00,4.00,-174.00,-178.00,-4.00,3,1,HOME WIN
2023-07-27 00:10:00,150.00,154.00,4.00,-178.00,-184.00,-6.00,5,13,AWAY WIN
2023-08-03 00:05:00,132.00,136.00,4.00,-156.00,-162.00,-6.00,16,6,HOME WIN
2023-08-04 01:38:00,130.00,134.00,4.00,-154.00,-158.00,-4.00,3,5,AWAY WIN
2023-08-05 00:15:00,160.00,164.00,4.00,-190.00,-196.00,-6.00,4,9,AWAY WIN
2023-08-13 01:40:00,134.00,138.00,4.00,-158.00,-164.00,-6.00,0,1,AWAY WIN
2023-09-02 00:05:00,128.00,132.00,4.00,-152.00,-156.00,-4.00,1,5,AWAY WIN
2023-09-03 00:40:00,140.00,144.00,4.00,-166.00,-172.00,-6.00,6,1,HOME WIN
2024-05-15 01:40:00,134.00,138.00,4.00,-158.00,-164.00,-6.00,2,4,AWAY WIN
2024-05-17 00:10:00,176.00,180.00,4.00,-210.00,-215.00,-5.00,8,1,HOME WIN
2024-06-06 00:05:00,164.00,168.00,4.00,-196.00,-200.00,-4.00,7,6,HOME WIN
2024-06-15 00:10:00,150.00,154.00,4.00,-178.00,-184.00,-6.00,6,5,HOME WIN
2024-07-27 00:16:00,136.00,140.00,4.00,-162.00,-166.00,-4.00,8,10,AWAY WIN
2024-08-03 01:41:00,150.00,154.00,4.00,-178.00,-184.00,-6.00,2,5,AWAY WIN
2024-08-21 00:11:00,164.00,168.00,4.00,-196.00,-200.00,-4.00,5,9,AWAY WIN
2024-08-24 02:10:00,128.00,132.00,4.00,-152.00,-156.00,-4.00,6,5,HOME WIN
2023-04-15 00:10:00,142.00,144.00,2.00,-168.00,-172.00,-4.00,2,6,AWAY WIN
2023-05-17 01:40:00,164.00,166.00,2.00,-196.00,-198.00,-2.00,4,5,AWAY WIN
2023-07-22 01:38:00,158.00,160.00,2.00,-188.00,-190.00,-2.00,8,5,HOME WIN
2023-07-30 00:40:00,152.00,154.00,2.00,-180.00,-184.00,-4.00,4,0,HOME WIN
2023-08-04 00:05:00,134.00,136.00,2.00,-158.00,-162.00,-4.00,5,3,HOME WIN
2023-09-02 23:10:00,160.00,162.00,2.00,-190.00,-215.00,-25.00,4,5,AWAY WIN
2024-05-13 22:40:26,144.00,146.00,2.00,-172.00,-186.00,-14.00,6,5,HOME WIN
2024-05-25 01:40:00,150.00,152.00,2.00,-178.00,-180.00,-2.00,0,3,AWAY WIN
2024-06-12 01:40:00,130.00,132.00,2.00,-154.00,-156.00,-2.00,4,3,HOME WIN
2024-06-26 00:10:00,164.00,166.00,2.00,-196.00,-198.00,-2.00,1,2,AWAY WIN
2024-07-07 23:11:00,136.00,138.00,2.00,-162.00,-176.00,-14.00,0,3,AWAY WIN
2024-07-27 02:16:00,142.00,144.00,2.00,-168.00,-172.00,-4.00,11,4,HOME WIN
2024-08-30 00:11:00,132.00,134.00,2.00,-156.00,-158.00,-2.00,6,3,HOME WIN
2024-09-05 01:41:00,158.00,160.00,2.00,-188.00,-190.00,-2.00,6,5,HOME WIN
2024-09-07 00:11:00,134.00,136.00,2.00,-158.00,-162.00,-4.00,8,0,HOME WIN
2023-03-30 17:05:00,154.00,154.00,0.00,-184.00,-184.00,0.00,5,0,HOME WIN
2023-04-01 20:10:00,136.00,136.00,0.00,-162.00,-162.00,0.00,9,8,HOME WIN
2023-04-01 20:10:00,146.00,146.00,0.00,-174.00,-174.00,0.00,12,2,HOME WIN
2023-04-02 18:10:00,140.00,140.00,0.00,-166.00,-166.00,0.00,3,6,AWAY WIN
2023-04-02 20:10:00,160.00,160.00,0.00,-190.00,-190.00,0.00,1,2,AWAY WIN
2023-04-05 17:35:00,130.00,130.00,0.00,-154.00,-154.00,0.00,1,4,AWAY WIN
2023-04-07 17:10:00,132.00,132.00,0.00,-156.00,-156.00,0.00,9,3,HOME WIN
2023-04-07 19:05:00,176.00,176.00,0.00,-210.00,-210.00,0.00,5,2,HOME WIN
2023-04-07 20:35:00,142.00,142.00,0.00,-168.00,-168.00,0.00,1,3,AWAY WIN
2023-04-08 23:05:00,160.00,160.00,0.00,-210.00,-210.00,0.00,1,4,AWAY WIN
2023-04-09 17:05:00,158.00,158.00,0.00,-188.00,-188.00,0.00,4,6,AWAY WIN
2023-04-09 17:40:00,136.00,136.00,0.00,-162.00,-162.00,0.00,2,7,AWAY WIN
2023-04-09 18:10:00,132.00,132.00,0.00,-156.00,-156.00,0.00,6,1,HOME WIN
2023-04-09 20:05:00,136.00,136.00,0.00,-162.00,-162.00,0.00,3,1,HOME WIN
2023-04-12 17:10:00,132.00,132.00,0.00,-156.00,-156.00,0.00,3,1,HOME WIN
2023-04-12 20:05:00,160.00,160.00,0.00,-190.00,-190.00,0.00,2,3,AWAY WIN
2023-04-12 20:07:00,144.00,144.00,0.00,-172.00,-172.00,0.00,3,2,HOME WIN
2023-04-13 17:05:00,172.00,172.00,0.00,-205.00,-205.00,0.00,8,7,HOME WIN
2023-04-13 17:10:00,154.00,154.00,0.00,-184.00,-184.00,0.00,9,3,HOME WIN
2023-04-13 23:05:00,130.00,130.00,0.00,-154.00,-154.00,0.00,2,11,AWAY WIN
2023-04-14 01:40:00,138.00,138.00,0.00,-164.00,-164.00,0.00,3,4,AWAY WIN
2023-04-14 22:40:00,134.00,134.00,0.00,-174.00,-174.00,0.00,7,5,HOME WIN
2023-04-15 01:40:00,142.00,142.00,0.00,-168.00,-168.00,0.00,2,11,AWAY WIN
2023-04-15 18:15:00,152.00,152.00,0.00,-180.00,-180.00,0.00,3,6,AWAY WIN
2023-04-16 17:35:00,142.00,142.00,0.00,-168.00,-168.00,0.00,2,0,HOME WIN
2023-04-16 18:15:00,154.00,154.00,0.00,-184.00,-184.00,0.00,5,4,HOME WIN
2023-04-16 20:10:00,146.00,146.00,0.00,-174.00,-174.00,0.00,0,1,AWAY WIN
2023-04-18 02:10:00,138.00,138.00,0.00,-164.00,-164.00,0.00,6,8,AWAY WIN
2023-04-19 17:15:00,164.00,164.00,0.00,-196.00,-196.00,0.00,14,5,HOME WIN
2023-04-22 17:05:00,136.00,136.00,0.00,-162.00,-162.00,0.00,3,2,HOME WIN
2023-04-22 19:05:00,142.00,142.00,0.00,-168.00,-168.00,0.00,4,3,HOME WIN
2023-04-22 20:05:00,144.00,144.00,0.00,-172.00,-172.00,0.00,4,3,HOME WIN
2023-04-23 01:07:00,150.00,150.00,0.00,-178.00,-178.00,0.00,8,11,AWAY WIN
2023-04-23 01:40:00,138.00,138.00,0.00,-164.00,-164.00,0.00,5,4,HOME WIN
2023-04-23 17:35:00,140.00,140.00,0.00,-166.00,-166.00,0.00,2,1,HOME WIN
2023-04-23 18:10:00,144.00,144.00,0.00,-172.00,-172.00,0.00,5,12,AWAY WIN
2023-04-23 18:10:00,168.00,168.00,0.00,-200.00,-200.00,0.00,3,1,HOME WIN
2023-04-23 20:07:00,168.00,168.00,0.00,-200.00,-200.00,0.00,4,3,HOME WIN
2023-04-24 22:09:31,168.00,168.00,0.00,-200.00,-200.00,0.00,0,6,AWAY WIN
2023-04-25 01:40:00,132.00,132.00,0.00,-156.00,-156.00,0.00,5,4,HOME WIN
2023-04-26 17:07:00,140.00,140.00,0.00,-166.00,-166.00,0.00,8,0,HOME WIN
2023-04-27 16:20:00,166.00,166.00,0.00,-198.00,-198.00,0.00,4,5,AWAY WIN
2023-04-30 17:37:00,142.00,142.00,0.00,-168.00,-168.00,0.00,8,10,AWAY WIN
2023-04-30 18:10:00,172.00,172.00,0.00,-205.00,-205.00,0.00,8,4,HOME WIN
2023-05-02 00:10:00,166.00,166.00,0.00,-198.00,-198.00,0.00,7,3,HOME WIN
2023-05-03 18:10:00,140.00,140.00,0.00,-166.00,-166.00,0.00,2,4,AWAY WIN
2023-05-04 17:10:00,172.00,172.00,0.00,-205.00,-205.00,0.00,3,2,HOME WIN
2023-05-05 18:20:00,142.00,142.00,0.00,-168.00,-168.00,0.00,4,1,HOME WIN
2023-05-06 18:15:00,180.00,180.00,0.00,-215.00,-215.00,0.00,5,6,AWAY WIN
2023-05-06 18:20:00,144.00,144.00,0.00,-172.00,-172.00,0.00,4,2,HOME WIN
2023-05-06 20:10:00,160.00,160.00,0.00,-190.00,-190.00,0.00,2,3,AWAY WIN
2023-05-07 15:35:00,136.00,136.00,0.00,-162.00,-162.00,0.00,3,2,HOME WIN
2023-05-07 17:40:00,176.00,176.00,0.00,-210.00,-210.00,0.00,6,13,AWAY WIN
2023-05-07 20:10:00,136.00,136.00,0.00,-162.00,-162.00,0.00,8,9,AWAY WIN
2023-05-08 22:35:00,158.00,158.00,0.00,-205.00,-205.00,0.00,2,0,HOME WIN
2023-05-08 23:05:00,144.00,144.00,0.00,-186.00,-186.00,0.00,7,2,HOME WIN
2023-05-09 01:40:00,172.00,172.00,0.00,-205.00,-205.00,0.00,5,2,HOME WIN
2023-05-09 01:40:00,160.00,160.00,0.00,-190.00,-190.00,0.00,1,2,AWAY WIN
2023-05-10 19:40:00,138.00,138.00,0.00,-164.00,-164.00,0.00,4,5,AWAY WIN
2023-05-10 19:45:00,138.00,138.00,0.00,-164.00,-164.00,0.00,6,11,AWAY WIN
2023-05-10 23:19:23,172.00,172.00,0.00,-225.00,-225.00,0.00,2,5,AWAY WIN
2023-05-13 17:10:00,140.00,140.00,0.00,-166.00,-166.00,0.00,5,6,AWAY WIN
2023-05-13 18:10:00,134.00,134.00,0.00,-158.00,-158.00,0.00,11,1,HOME WIN
2023-05-14 17:40:00,134.00,134.00,0.00,-158.00,-158.00,0.00,3,1,HOME WIN
2023-05-14 20:10:00,146.00,146.00,0.00,-174.00,-174.00,0.00,4,0,HOME WIN
2023-05-16 23:10:00,138.00,138.00,0.00,-164.00,-164.00,0.00,5,8,AWAY WIN
2023-05-17 17:10:00,134.00,134.00,0.00,-158.00,-158.00,0.00,0,8,AWAY WIN
2023-05-18 17:10:00,130.00,130.00,0.00,-154.00,-154.00,0.00,5,3,HOME WIN
2023-05-20 01:40:00,134.00,134.00,0.00,-158.00,-158.00,0.00,1,6,AWAY WIN
2023-05-19 22:40:00,176.00,176.00,0.00,-230.00,-230.00,0.00,1,0,HOME WIN
2023-05-20 18:10:00,138.00,138.00,0.00,-164.00,-164.00,0.00,5,1,HOME WIN
2023-05-20 20:05:00,146.00,146.00,0.00,-174.00,-174.00,0.00,12,3,HOME WIN
2023-05-20 20:05:00,168.00,168.00,0.00,-200.00,-200.00,0.00,11,5,HOME WIN
2023-05-20 20:05:00,152.00,152.00,0.00,-180.00,-180.00,0.00,0,1,AWAY WIN
2023-05-21 17:37:00,168.00,168.00,0.00,-200.00,-200.00,0.00,3,8,AWAY WIN
2023-05-21 18:35:00,180.00,180.00,0.00,-215.00,-215.00,0.00,13,3,HOME WIN
2023-05-21 20:07:00,132.00,132.00,0.00,-156.00,-156.00,0.00,4,2,HOME WIN
2023-05-24 17:10:00,138.00,138.00,0.00,-164.00,-164.00,0.00,7,1,HOME WIN
2023-05-26 18:20:00,144.00,144.00,0.00,-172.00,-172.00,0.00,0,9,AWAY WIN
2023-05-27 20:10:00,180.00,180.00,0.00,-215.00,-215.00,0.00,5,0,HOME WIN
2023-05-27 23:15:00,148.00,148.00,0.00,-190.00,-190.00,0.00,1,2,AWAY WIN
2023-05-28 17:35:00,134.00,134.00,0.00,-158.00,-158.00,0.00,10,7,HOME WIN
2023-05-28 20:10:00,132.00,132.00,0.00,-156.00,-156.00,0.00,6,3,HOME WIN
2023-05-29 20:10:00,150.00,150.00,0.00,-178.00,-178.00,0.00,7,5,HOME WIN
2023-05-31 01:45:00,136.00,136.00,0.00,-162.00,-162.00,0.00,1,2,AWAY WIN
2023-06-01 17:07:00,168.00,168.00,0.00,-200.00,-200.00,0.00,3,1,HOME WIN
2023-06-01 17:10:00,144.00,144.00,0.00,-172.00,-172.00,0.00,4,2,HOME WIN
2023-06-01 19:40:00,146.00,146.00,0.00,-174.00,-174.00,0.00,5,4,HOME WIN
2023-06-03 00:10:00,130.00,130.00,0.00,-154.00,-154.00,0.00,3,0,HOME WIN
2023-06-03 20:10:00,152.00,152.00,0.00,-180.00,-180.00,0.00,9,6,HOME WIN
2023-06-03 20:10:00,152.00,152.00,0.00,-180.00,-180.00,0.00,12,1,HOME WIN
2023-06-04 18:10:00,134.00,134.00,0.00,-158.00,-158.00,0.00,6,2,HOME WIN
2023-06-04 18:10:00,136.00,136.00,0.00,-162.00,-162.00,0.00,1,2,AWAY WIN
2023-06-06 22:40:00,150.00,150.00,0.00,-178.00,-178.00,0.00,7,0,HOME WIN
2023-06-07 16:35:00,150.00,150.00,0.00,-178.00,-178.00,0.00,5,9,AWAY WIN
2023-06-07 23:10:00,130.00,130.00,0.00,-166.00,-166.00,0.00,5,2,HOME WIN
2023-06-08 17:10:00,146.00,146.00,0.00,-174.00,-174.00,0.00,4,2,HOME WIN
2023-06-10 00:15:00,146.00,146.00,0.00,-174.00,-174.00,0.00,7,4,HOME WIN
2023-06-10 18:15:00,138.00,138.00,0.00,-164.00,-164.00,0.00,4,8,AWAY WIN
2023-06-10 20:10:00,164.00,164.00,0.00,-196.00,-196.00,0.00,6,4,HOME WIN
2023-06-10 20:10:00,164.00,164.00,0.00,-196.00,-196.00,0.00,1,2,AWAY WIN
2023-06-10 23:35:00,150.00,150.00,0.00,-192.00,-192.00,0.00,0,4,AWAY WIN
2023-06-11 17:37:00,176.00,176.00,0.00,-210.00,-210.00,0.00,7,6,HOME WIN
2023-06-11 17:40:00,168.00,168.00,0.00,-200.00,-200.00,0.00,7,3,HOME WIN
2023-06-11 18:10:00,176.00,176.00,0.00,-210.00,-210.00,0.00,6,8,AWAY WIN
2023-06-13 00:05:00,130.00,130.00,0.00,-154.00,-154.00,0.00,6,9,AWAY WIN
2023-06-14 01:40:00,140.00,140.00,0.00,-166.00,-166.00,0.00,9,3,HOME WIN
2023-06-14 17:10:00,136.00,136.00,0.00,-162.00,-162.00,0.00,4,2,HOME WIN
2023-06-16 00:05:00,134.00,134.00,0.00,-158.00,-158.00,0.00,7,2,HOME WIN
2023-06-17 20:10:00,130.00,130.00,0.00,-154.00,-154.00,0.00,3,5,AWAY WIN
2023-06-18 01:10:00,142.00,142.00,0.00,-168.00,-168.00,0.00,0,15,AWAY WIN
2023-06-18 18:10:00,130.00,130.00,0.00,-154.00,-154.00,0.00,7,9,AWAY WIN
2023-06-18 18:10:00,134.00,134.00,0.00,-158.00,-158.00,0.00,5,2,HOME WIN
2023-06-18 20:10:00,140.00,140.00,0.00,-166.00,-166.00,0.00,5,1,HOME WIN
2023-06-21 18:10:00,134.00,134.00,0.00,-158.00,-158.00,0.00,10,8,HOME WIN
2023-06-22 17:10:00,158.00,158.00,0.00,-188.00,-188.00,0.00,6,1,HOME WIN
2023-06-22 22:39:55,152.00,152.00,0.00,-196.00,-196.00,0.00,5,6,AWAY WIN
2023-06-23 23:05:00,144.00,144.00,0.00,-186.00,-186.00,0.00,2,4,AWAY WIN
2023-06-24 20:10:00,136.00,136.00,0.00,-162.00,-162.00,0.00,4,3,HOME WIN
2023-06-25 00:40:00,160.00,160.00,0.00,-190.00,-190.00,0.00,0,2,AWAY WIN
2023-06-25 17:35:00,142.00,142.00,0.00,-168.00,-168.00,0.00,7,6,HOME WIN
2023-06-25 17:40:00,146.00,146.00,0.00,-174.00,-174.00,0.00,2,0,HOME WIN
2023-06-25 20:10:00,168.00,168.00,0.00,-200.00,-200.00,0.00,3,8,AWAY WIN
2023-06-27 23:07:00,166.00,166.00,0.00,-215.00,-215.00,0.00,0,3,AWAY WIN
2023-06-28 00:05:00,158.00,158.00,0.00,-188.00,-188.00,0.00,8,3,HOME WIN
2023-06-29 23:07:00,132.00,132.00,0.00,-168.00,-168.00,0.00,2,1,HOME WIN
2023-06-30 18:20:00,132.00,132.00,0.00,-156.00,-156.00,0.00,10,1,HOME WIN
2023-06-30 23:10:00,158.00,158.00,0.00,-205.00,-205.00,0.00,4,5,AWAY WIN
2023-07-01 00:05:00,150.00,150.00,0.00,-178.00,-178.00,0.00,3,5,AWAY WIN
2023-07-01 19:07:00,130.00,130.00,0.00,-154.00,-154.00,0.00,6,7,AWAY WIN
2023-07-01 20:05:00,180.00,180.00,0.00,-215.00,-215.00,0.00,19,4,HOME WIN
2023-07-01 20:10:00,142.00,142.00,0.00,-168.00,-168.00,0.00,7,0,HOME WIN
2023-07-02 17:35:00,154.00,154.00,0.00,-184.00,-184.00,0.00,6,3,HOME WIN
2023-07-02 17:37:00,160.00,160.00,0.00,-190.00,-190.00,0.00,4,5,AWAY WIN
2023-07-04 01:40:00,168.00,168.00,0.00,-200.00,-200.00,0.00,10,3,HOME WIN
2023-07-04 02:10:00,142.00,142.00,0.00,-168.00,-168.00,0.00,5,2,HOME WIN
2023-07-04 17:10:00,130.00,130.00,0.00,-154.00,-154.00,0.00,15,2,HOME WIN
2023-07-04 18:10:00,160.00,160.00,0.00,-190.00,-190.00,0.00,9,3,HOME WIN
2023-07-06 00:40:00,150.00,150.00,0.00,-178.00,-178.00,0.00,5,3,HOME WIN
2023-07-05 22:40:00,144.00,144.00,0.00,-182.00,-182.00,0.00,10,9,HOME WIN
2023-07-06 01:05:00,146.00,146.00,0.00,-174.00,-174.00,0.00,2,0,HOME WIN
2023-07-06 17:10:00,138.00,138.00,0.00,-164.00,-164.00,0.00,9,0,HOME WIN
2023-07-06 22:38:00,136.00,136.00,0.00,-174.00,-174.00,0.00,1,3,AWAY WIN
2023-07-08 02:10:00,144.00,144.00,0.00,-172.00,-172.00,0.00,11,4,HOME WIN
2023-07-08 02:15:00,146.00,146.00,0.00,-174.00,-174.00,0.00,2,5,AWAY WIN
2023-07-08 17:05:00,154.00,154.00,0.00,-184.00,-184.00,0.00,6,3,HOME WIN
2023-07-09 18:10:00,132.00,132.00,0.00,-156.00,-156.00,0.00,2,15,AWAY WIN
2023-07-15 01:38:00,132.00,132.00,0.00,-156.00,-156.00,0.00,5,7,AWAY WIN
2023-07-15 00:15:00,166.00,166.00,0.00,-198.00,-198.00,0.00,5,7,AWAY WIN
2023-07-15 19:07:00,130.00,130.00,0.00,-154.00,-154.00,0.00,5,2,HOME WIN
2023-07-15 20:05:00,138.00,138.00,0.00,-164.00,-164.00,0.00,2,0,HOME WIN
2023-07-16 00:15:00,164.00,164.00,0.00,-196.00,-196.00,0.00,9,6,HOME WIN
2023-07-16 17:35:00,144.00,144.00,0.00,-172.00,-172.00,0.00,1,8,AWAY WIN
2023-07-16 17:37:00,138.00,138.00,0.00,-164.00,-164.00,0.00,7,5,HOME WIN
2023-07-16 18:20:00,134.00,134.00,0.00,-158.00,-158.00,0.00,5,11,AWAY WIN
2023-07-16 20:10:00,176.00,176.00,0.00,-210.00,-210.00,0.00,2,0,HOME WIN
2023-07-19 23:10:00,180.00,180.00,0.00,-235.00,-235.00,0.00,3,2,HOME WIN
2023-07-20 00:05:00,136.00,136.00,0.00,-162.00,-162.00,0.00,8,3,HOME WIN
2023-07-20 16:20:00,158.00,158.00,0.00,-188.00,-188.00,0.00,7,5,HOME WIN
2023-07-22 20:10:00,142.00,142.00,0.00,-168.00,-168.00,0.00,5,6,AWAY WIN
2023-07-23 17:35:00,158.00,158.00,0.00,-188.00,-188.00,0.00,8,5,HOME WIN
2023-07-23 18:10:00,132.00,132.00,0.00,-156.00,-156.00,0.00,5,4,HOME WIN
2023-07-23 23:10:00,130.00,130.00,0.00,-166.00,-166.00,0.00,6,1,HOME WIN
2023-07-25 01:40:00,136.00,136.00,0.00,-162.00,-162.00,0.00,6,10,AWAY WIN
2023-07-26 16:10:00,140.00,140.00,0.00,-166.00,-166.00,0.00,1,7,AWAY WIN
2023-07-26 20:10:00,166.00,166.00,0.00,-198.00,-198.00,0.00,2,3,AWAY WIN
2023-07-28 23:10:00,170.00,170.00,0.00,-220.00,-220.00,0.00,3,0,HOME WIN
2023-07-29 00:15:00,136.00,136.00,0.00,-162.00,-162.00,0.00,2,3,AWAY WIN
2023-07-29 23:10:00,146.00,146.00,0.00,-190.00,-190.00,0.00,7,2,HOME WIN
2023-07-29 23:15:00,162.00,162.00,0.00,-215.00,-215.00,0.00,3,2,HOME WIN
2023-07-30 16:05:00,176.00,176.00,0.00,-210.00,-210.00,0.00,2,3,AWAY WIN
2023-07-30 20:10:00,160.00,160.00,0.00,-190.00,-190.00,0.00,0,9,AWAY WIN
2023-08-01 00:10:00,154.00,154.00,0.00,-184.00,-184.00,0.00,7,3,HOME WIN
2023-08-02 00:05:00,168.00,168.00,0.00,-200.00,-200.00,0.00,2,0,HOME WIN
2023-08-02 16:20:00,134.00,134.00,0.00,-158.00,-158.00,0.00,12,5,HOME WIN
2023-08-03 00:05:00,142.00,142.00,0.00,-168.00,-168.00,0.00,11,1,HOME WIN
2023-08-03 01:45:00,158.00,158.00,0.00,-188.00,-188.00,0.00,4,2,HOME WIN
2023-08-03 19:07:00,134.00,134.00,0.00,-158.00,-158.00,0.00,1,6,AWAY WIN
2023-08-06 00:40:00,138.00,138.00,0.00,-164.00,-164.00,0.00,8,3,HOME WIN
2023-08-06 17:35:00,134.00,134.00,0.00,-158.00,-158.00,0.00,2,0,HOME WIN
2023-08-06 18:10:00,164.00,164.00,0.00,-196.00,-196.00,0.00,1,4,AWAY WIN
2023-08-09 22:40:00,160.00,160.00,0.00,-190.00,-190.00,0.00,7,0,HOME WIN
2023-08-09 23:10:00,158.00,158.00,0.00,-205.00,-205.00,0.00,4,3,HOME WIN
2023-08-12 20:10:00,168.00,168.00,0.00,-200.00,-200.00,0.00,2,6,AWAY WIN
2023-08-13 17:40:00,180.00,180.00,0.00,-215.00,-215.00,0.00,2,9,AWAY WIN
2023-08-13 18:10:00,138.00,138.00,0.00,-164.00,-164.00,0.00,1,2,AWAY WIN
2023-08-13 22:05:00,154.00,154.00,0.00,-200.00,-200.00,0.00,5,6,AWAY WIN
2023-08-16 17:10:00,150.00,150.00,0.00,-178.00,-178.00,0.00,7,8,AWAY WIN
2023-08-17 00:05:00,140.00,140.00,0.00,-166.00,-166.00,0.00,4,3,HOME WIN
2023-08-17 00:05:00,152.00,152.00,0.00,-180.00,-180.00,0.00,0,2,AWAY WIN
2023-08-18 18:20:00,164.00,164.00,0.00,-196.00,-196.00,0.00,3,4,AWAY WIN
2023-08-19 17:05:00,150.00,150.00,0.00,-178.00,-178.00,0.00,1,8,AWAY WIN
2023-08-19 18:20:00,168.00,168.00,0.00,-200.00,-200.00,0.00,6,4,HOME WIN
2023-08-20 00:40:00,160.00,160.00,0.00,-190.00,-190.00,0.00,1,8,AWAY WIN
2023-08-20 01:10:00,158.00,158.00,0.00,-188.00,-188.00,0.00,3,1,HOME WIN
2023-08-20 17:05:00,154.00,154.00,0.00,-184.00,-184.00,0.00,6,7,AWAY WIN
2023-08-20 18:35:00,150.00,150.00,0.00,-178.00,-178.00,0.00,2,6,AWAY WIN
2023-08-22 01:40:00,168.00,168.00,0.00,-200.00,-200.00,0.00,6,2,HOME WIN
2023-08-26 19:07:00,138.00,138.00,0.00,-164.00,-164.00,0.00,8,3,HOME WIN
2023-08-26 20:10:00,168.00,168.00,0.00,-200.00,-200.00,0.00,2,3,AWAY WIN
2023-08-26 20:10:00,164.00,164.00,0.00,-196.00,-196.00,0.00,3,0,HOME WIN
2023-08-26 23:15:00,142.00,142.00,0.00,-182.00,-182.00,0.00,6,10,AWAY WIN
2023-08-27 17:35:00,166.00,166.00,0.00,-198.00,-198.00,0.00,3,0,HOME WIN
2023-08-27 23:10:00,166.00,166.00,0.00,-215.00,-215.00,0.00,8,5,HOME WIN
2023-08-30 17:05:00,136.00,136.00,0.00,-162.00,-162.00,0.00,5,10,AWAY WIN
2023-08-30 17:05:00,142.00,142.00,0.00,-168.00,-168.00,0.00,8,10,AWAY WIN
2023-08-30 17:10:00,132.00,132.00,0.00,-156.00,-156.00,0.00,2,5,AWAY WIN
2023-08-30 19:45:00,144.00,144.00,0.00,-172.00,-172.00,0.00,1,4,AWAY WIN
2023-08-31 02:10:00,140.00,140.00,0.00,-166.00,-166.00,0.00,7,0,HOME WIN
2023-09-01 23:10:00,150.00,150.00,0.00,-192.00,-192.00,0.00,2,1,HOME WIN
2023-09-06 19:40:00,168.00,168.00,0.00,-200.00,-200.00,0.00,12,5,HOME WIN
2023-09-08 23:20:00,164.00,164.00,0.00,-215.00,-215.00,0.00,8,2,HOME WIN
2023-09-09 23:20:00,174.00,174.00,0.00,-225.00,-225.00,0.00,4,8,AWAY WIN
2023-09-10 17:37:00,152.00,152.00,0.00,-180.00,-180.00,0.00,5,2,HOME WIN
2023-09-10 18:10:00,168.00,168.00,0.00,-200.00,-200.00,0.00,0,2,AWAY WIN
2023-09-11 00:10:00,180.00,180.00,0.00,-215.00,-215.00,0.00,6,3,HOME WIN
2023-09-12 02:10:00,146.00,146.00,0.00,-174.00,-174.00,0.00,8,11,AWAY WIN
2023-09-13 02:10:00,136.00,136.00,0.00,-162.00,-162.00,0.00,11,2,HOME WIN
2023-09-13 23:40:00,138.00,138.00,0.00,-174.00,-174.00,0.00,1,7,AWAY WIN
2023-09-14 16:35:00,142.00,142.00,0.00,-168.00,-168.00,0.00,2,0,HOME WIN
2023-09-19 02:10:00,158.00,158.00,0.00,-188.00,-188.00,0.00,8,3,HOME WIN
2023-09-20 00:10:00,154.00,154.00,0.00,-184.00,-184.00,0.00,5,9,AWAY WIN
2023-09-20 00:20:00,138.00,138.00,0.00,-164.00,-164.00,0.00,14,1,HOME WIN
2023-09-20 23:39:50,154.00,154.00,0.00,-200.00,-200.00,0.00,7,13,AWAY WIN
2023-09-22 02:10:00,152.00,152.00,0.00,-180.00,-180.00,0.00,7,2,HOME WIN
2023-09-22 18:20:00,168.00,168.00,0.00,-200.00,-200.00,0.00,6,0,HOME WIN
2023-09-23 02:10:00,142.00,142.00,0.00,-168.00,-168.00,0.00,1,5,AWAY WIN
2023-09-23 18:20:00,168.00,168.00,0.00,-200.00,-200.00,0.00,6,3,HOME WIN
2023-09-23 20:05:00,154.00,154.00,0.00,-184.00,-184.00,0.00,7,5,HOME WIN
2023-09-23 23:09:00,180.00,180.00,0.00,-235.00,-235.00,0.00,2,3,AWAY WIN
2023-09-24 01:10:00,172.00,172.00,0.00,-205.00,-205.00,0.00,7,0,HOME WIN
2023-09-26 23:07:00,180.00,180.00,0.00,-235.00,-235.00,0.00,0,2,AWAY WIN
2023-09-26 23:40:00,180.00,180.00,0.00,-235.00,-235.00,0.00,11,3,HOME WIN
2023-09-28 20:10:00,166.00,166.00,0.00,-198.00,-198.00,0.00,3,0,HOME WIN
2023-09-30 23:10:00,164.00,164.00,0.00,-215.00,-215.00,0.00,2,5,AWAY WIN
2023-10-08 01:20:00,164.00,164.00,0.00,-196.00,-196.00,0.00,2,11,AWAY WIN
2023-10-10 01:07:00,134.00,134.00,0.00,-158.00,-158.00,0.00,2,4,AWAY WIN
2023-10-18 00:07:00,140.00,140.00,0.00,-166.00,-166.00,0.00,10,0,HOME WIN
2023-10-25 00:07:00,142.00,142.00,0.00,-168.00,-168.00,0.00,2,4,AWAY WIN
2023-10-29 00:03:00,130.00,130.00,0.00,-154.00,-154.00,0.00,1,9,AWAY WIN
2024-03-30 20:05:00,138.00,138.00,0.00,-164.00,-164.00,0.00,13,4,HOME WIN
2024-03-30 20:10:00,138.00,138.00,0.00,-164.00,-164.00,0.00,6,7,AWAY WIN
2024-03-31 17:35:00,130.00,130.00,0.00,-154.00,-154.00,0.00,1,4,AWAY WIN
2024-03-31 17:40:00,142.00,142.00,0.00,-168.00,-168.00,0.00,6,5,HOME WIN
2024-03-31 20:10:00,168.00,168.00,0.00,-200.00,-200.00,0.00,5,1,HOME WIN
2024-03-31 20:10:00,130.00,130.00,0.00,-154.00,-154.00,0.00,1,5,AWAY WIN
2024-04-01 18:20:00,166.00,166.00,0.00,-198.00,-198.00,0.00,5,0,HOME WIN
2024-04-03 00:10:00,134.00,134.00,0.00,-158.00,-158.00,0.00,1,2,AWAY WIN
2024-04-04 00:00:00,152.00,152.00,0.00,-180.00,-180.00,0.00,1,4,AWAY WIN
2024-04-03 20:10:00,136.00,136.00,0.00,-162.00,-162.00,0.00,0,8,AWAY WIN
2024-04-04 00:00:00,180.00,180.00,0.00,-215.00,-215.00,0.00,9,8,HOME WIN
2024-04-05 17:05:00,136.00,136.00,0.00,-162.00,-162.00,0.00,0,3,AWAY WIN
2024-04-06 17:10:00,142.00,142.00,0.00,-168.00,-168.00,0.00,0,4,AWAY WIN
2024-04-06 18:10:00,134.00,134.00,0.00,-158.00,-158.00,0.00,1,3,AWAY WIN
2024-04-07 17:35:00,180.00,180.00,0.00,-215.00,-215.00,0.00,5,2,HOME WIN
2024-04-07 17:40:00,146.00,146.00,0.00,-174.00,-174.00,0.00,1,7,AWAY WIN
2024-04-07 20:05:00,144.00,144.00,0.00,-172.00,-172.00,0.00,3,2,HOME WIN
2024-04-10 00:05:00,180.00,180.00,0.00,-215.00,-215.00,0.00,3,4,AWAY WIN
2024-04-10 19:45:00,168.00,168.00,0.00,-200.00,-200.00,0.00,7,1,HOME WIN
2024-04-10 23:10:00,154.00,154.00,0.00,-200.00,-200.00,0.00,5,7,AWAY WIN
2024-04-11 16:20:00,136.00,136.00,0.00,-162.00,-162.00,0.00,4,16,AWAY WIN
2024-04-11 18:35:00,158.00,158.00,0.00,-188.00,-188.00,0.00,0,1,AWAY WIN
2024-04-12 22:50:00,176.00,176.00,0.00,-230.00,-230.00,0.00,2,1,HOME WIN
2024-04-13 17:40:00,134.00,134.00,0.00,-158.00,-158.00,0.00,7,11,AWAY WIN
2024-04-13 19:07:00,160.00,160.00,0.00,-190.00,-190.00,0.00,5,3,HOME WIN
2024-04-14 17:35:00,160.00,160.00,0.00,-190.00,-190.00,0.00,6,4,HOME WIN
2024-04-14 17:35:00,150.00,150.00,0.00,-178.00,-178.00,0.00,2,9,AWAY WIN
2024-04-16 22:35:00,140.00,140.00,0.00,-166.00,-166.00,0.00,11,3,HOME WIN
2024-04-19 22:40:00,146.00,146.00,0.00,-174.00,-174.00,0.00,7,0,HOME WIN
2024-04-20 02:10:00,168.00,168.00,0.00,-200.00,-200.00,0.00,4,9,AWAY WIN
2024-04-19 23:09:49,160.00,160.00,0.00,-210.00,-210.00,0.00,5,3,HOME WIN
2024-04-21 17:40:00,154.00,154.00,0.00,-184.00,-184.00,0.00,6,2,HOME WIN
2024-04-21 18:15:00,136.00,136.00,0.00,-162.00,-162.00,0.00,0,2,AWAY WIN
2024-04-23 23:44:51,178.00,178.00,0.00,-230.00,-230.00,0.00,1,14,AWAY WIN
2024-04-27 20:05:00,146.00,146.00,0.00,-174.00,-174.00,0.00,7,0,HOME WIN
2024-04-28 17:35:00,150.00,150.00,0.00,-178.00,-178.00,0.00,4,3,HOME WIN
2024-04-28 17:35:00,142.00,142.00,0.00,-168.00,-168.00,0.00,6,7,AWAY WIN
2024-04-28 17:40:00,130.00,130.00,0.00,-154.00,-154.00,0.00,4,1,HOME WIN
2024-05-01 00:05:00,134.00,134.00,0.00,-158.00,-158.00,0.00,7,1,HOME WIN
2024-05-01 01:40:00,142.00,142.00,0.00,-168.00,-168.00,0.00,6,4,HOME WIN
2024-05-02 16:10:00,154.00,154.00,0.00,-184.00,-184.00,0.00,5,4,HOME WIN
2024-05-02 18:35:00,176.00,176.00,0.00,-210.00,-210.00,0.00,6,0,HOME WIN
2024-05-03 23:11:22,154.00,154.00,0.00,-200.00,-200.00,0.00,0,6,AWAY WIN
2024-05-04 17:05:00,142.00,142.00,0.00,-168.00,-168.00,0.00,5,3,HOME WIN
2024-05-04 18:16:58,164.00,164.00,0.00,-196.00,-196.00,0.00,5,6,AWAY WIN
2024-05-04 20:05:00,172.00,172.00,0.00,-205.00,-205.00,0.00,1,0,HOME WIN
2024-05-05 17:35:00,134.00,134.00,0.00,-158.00,-158.00,0.00,5,3,HOME WIN
2024-05-05 18:10:00,136.00,136.00,0.00,-162.00,-162.00,0.00,2,9,AWAY WIN
2024-05-07 23:39:26,152.00,152.00,0.00,-196.00,-196.00,0.00,3,2,HOME WIN
2024-05-08 17:05:00,132.00,132.00,0.00,-156.00,-156.00,0.00,3,5,AWAY WIN
2024-05-11 01:40:00,130.00,130.00,0.00,-154.00,-154.00,0.00,8,1,HOME WIN
2024-05-11 19:07:00,130.00,130.00,0.00,-154.00,-154.00,0.00,10,8,HOME WIN
2024-05-11 20:05:00,134.00,134.00,0.00,-158.00,-158.00,0.00,5,4,HOME WIN
2024-05-11 20:10:00,130.00,130.00,0.00,-154.00,-154.00,0.00,4,2,HOME WIN
2024-05-11 23:15:48,166.00,166.00,0.00,-215.00,-215.00,0.00,5,3,HOME WIN
2024-05-15 00:10:00,158.00,158.00,0.00,-188.00,-188.00,0.00,2,1,HOME WIN
2024-05-15 17:10:00,136.00,136.00,0.00,-162.00,-162.00,0.00,0,2,AWAY WIN
2024-05-18 18:20:00,154.00,154.00,0.00,-184.00,-184.00,0.00,1,0,HOME WIN
2024-05-18 20:05:00,168.00,168.00,0.00,-200.00,-200.00,0.00,14,4,HOME WIN
2024-05-19 18:10:00,138.00,138.00,0.00,-164.00,-164.00,0.00,8,4,HOME WIN
2024-05-19 18:35:00,144.00,144.00,0.00,-172.00,-172.00,0.00,1,4,AWAY WIN
2024-05-19 20:05:00,168.00,168.00,0.00,-200.00,-200.00,0.00,4,1,HOME WIN
2024-05-20 19:07:00,160.00,160.00,0.00,-190.00,-190.00,0.00,9,3,HOME WIN
2024-05-22 00:10:00,164.00,164.00,0.00,-196.00,-196.00,0.00,6,5,HOME WIN
2024-05-22 18:10:00,144.00,144.00,0.00,-172.00,-172.00,0.00,1,2,AWAY WIN
2024-05-23 17:05:00,176.00,176.00,0.00,-210.00,-210.00,0.00,5,2,HOME WIN
2024-05-25 23:15:00,148.00,148.00,0.00,-190.00,-190.00,0.00,7,6,HOME WIN
2024-05-27 17:05:00,136.00,136.00,0.00,-162.00,-162.00,0.00,11,3,HOME WIN
2024-05-27 18:10:00,130.00,130.00,0.00,-154.00,-154.00,0.00,6,5,HOME WIN
2024-05-27 20:10:00,166.00,166.00,0.00,-198.00,-198.00,0.00,4,8,AWAY WIN
2024-05-28 22:50:00,150.00,150.00,0.00,-192.00,-192.00,0.00,0,3,AWAY WIN
2024-05-29 20:10:00,138.00,138.00,0.00,-164.00,-164.00,0.00,1,9,AWAY WIN
2024-05-31 18:20:00,130.00,130.00,0.00,-154.00,-154.00,0.00,4,5,AWAY WIN
2024-05-31 23:07:00,152.00,152.00,0.00,-196.00,-196.00,0.00,5,3,HOME WIN
2024-06-01 02:10:00,134.00,134.00,0.00,-158.00,-158.00,0.00,5,4,HOME WIN
2024-06-01 19:07:00,130.00,130.00,0.00,-154.00,-154.00,0.00,1,8,AWAY WIN
2024-06-01 20:05:00,134.00,134.00,0.00,-158.00,-158.00,0.00,9,5,HOME WIN
2024-06-01 20:10:00,136.00,136.00,0.00,-162.00,-162.00,0.00,3,2,HOME WIN
2024-06-02 20:10:00,176.00,176.00,0.00,-210.00,-210.00,0.00,5,1,HOME WIN
2024-06-05 18:10:00,136.00,136.00,0.00,-162.00,-162.00,0.00,2,4,AWAY WIN
2024-06-06 23:10:49,160.00,160.00,0.00,-210.00,-210.00,0.00,8,4,HOME WIN
2024-06-08 20:15:00,150.00,150.00,0.00,-178.00,-178.00,0.00,5,6,AWAY WIN
2024-06-09 17:40:00,140.00,140.00,0.00,-166.00,-166.00,0.00,10,2,HOME WIN
2024-06-09 18:15:00,150.00,150.00,0.00,-178.00,-178.00,0.00,5,1,HOME WIN
2024-06-11 23:40:14,180.00,180.00,0.00,-235.00,-235.00,0.00,4,5,AWAY WIN
2024-06-12 02:10:00,140.00,140.00,0.00,-166.00,-166.00,0.00,15,2,HOME WIN
2024-06-12 20:10:00,164.00,164.00,0.00,-196.00,-196.00,0.00,5,4,HOME WIN
2024-06-13 01:40:00,130.00,130.00,0.00,-154.00,-154.00,0.00,3,8,AWAY WIN
2024-06-13 02:10:00,138.00,138.00,0.00,-164.00,-164.00,0.00,2,3,AWAY WIN
2024-06-13 17:10:00,134.00,134.00,0.00,-158.00,-158.00,0.00,7,2,HOME WIN
2024-06-14 02:10:00,164.00,164.00,0.00,-196.00,-196.00,0.00,1,3,AWAY WIN
2024-06-15 18:20:00,136.00,136.00,0.00,-162.00,-162.00,0.00,5,1,HOME WIN
2024-06-15 20:05:00,150.00,150.00,0.00,-178.00,-178.00,0.00,6,2,HOME WIN
2024-06-15 20:10:00,134.00,134.00,0.00,-158.00,-158.00,0.00,9,2,HOME WIN
2024-06-16 02:10:00,136.00,136.00,0.00,-162.00,-162.00,0.00,2,9,AWAY WIN
2024-06-17 23:20:00,168.00,168.00,0.00,-200.00,-215.00,-15.00,2,1,HOME WIN
2024-06-19 17:05:00,132.00,132.00,0.00,-156.00,-156.00,0.00,2,5,AWAY WIN
2024-06-22 01:40:00,132.00,132.00,0.00,-156.00,-156.00,0.00,9,5,HOME WIN
2024-06-22 02:10:00,152.00,152.00,0.00,-180.00,-180.00,0.00,2,3,AWAY WIN
2024-06-22 17:10:00,136.00,136.00,0.00,-162.00,-162.00,0.00,1,5,AWAY WIN
2024-06-23 15:35:00,164.00,164.00,0.00,-196.00,-196.00,0.00,4,1,HOME WIN
2024-06-23 17:35:00,130.00,130.00,0.00,-154.00,-154.00,0.00,1,3,AWAY WIN
2024-06-23 17:40:00,154.00,154.00,0.00,-184.00,-184.00,0.00,11,2,HOME WIN
2024-06-24 23:11:07,134.00,134.00,0.00,-172.00,-172.00,0.00,7,6,HOME WIN
2024-06-25 00:10:00,150.00,150.00,0.00,-178.00,-178.00,0.00,6,3,HOME WIN
2024-06-26 18:10:00,164.00,164.00,0.00,-196.00,-196.00,0.00,7,1,HOME WIN
2024-06-26 20:10:00,160.00,160.00,0.00,-190.00,-190.00,0.00,8,5,HOME WIN
2024-06-26 23:10:00,136.00,136.00,0.00,-162.00,-162.00,0.00,1,4,AWAY WIN
2024-06-29 18:16:00,142.00,142.00,0.00,-168.00,-168.00,0.00,4,9,AWAY WIN
2024-06-29 20:11:00,160.00,160.00,0.00,-190.00,-190.00,0.00,3,0,HOME WIN
2024-06-29 20:11:00,138.00,138.00,0.00,-164.00,-164.00,0.00,2,1,HOME WIN
2024-06-30 15:36:00,150.00,150.00,0.00,-178.00,-178.00,0.00,2,4,AWAY WIN
2024-06-30 17:41:00,136.00,136.00,0.00,-162.00,-162.00,0.00,5,10,AWAY WIN
2024-06-30 17:41:00,150.00,150.00,0.00,-178.00,-178.00,0.00,5,0,HOME WIN
2024-06-30 18:11:00,144.00,144.00,0.00,-172.00,-172.00,0.00,7,1,HOME WIN
2024-06-30 18:11:00,154.00,154.00,0.00,-184.00,-184.00,0.00,4,5,AWAY WIN
2024-06-30 20:11:00,164.00,164.00,0.00,-196.00,-196.00,0.00,5,1,HOME WIN
2024-07-04 02:11:00,168.00,168.00,0.00,-200.00,-200.00,0.00,4,12,AWAY WIN
2024-07-04 17:06:00,150.00,150.00,0.00,-178.00,-178.00,0.00,4,8,AWAY WIN
2024-07-05 18:21:00,154.00,154.00,0.00,-184.00,-184.00,0.00,5,1,HOME WIN
2024-07-06 02:11:00,180.00,180.00,0.00,-215.00,-215.00,0.00,8,5,HOME WIN
2024-07-06 17:06:00,146.00,146.00,0.00,-174.00,-174.00,0.00,14,4,HOME WIN
2024-07-07 17:36:00,152.00,152.00,0.00,-180.00,-180.00,0.00,6,0,HOME WIN
2024-07-07 20:11:00,144.00,144.00,0.00,-172.00,-172.00,0.00,1,9,AWAY WIN
2024-07-07 20:11:00,140.00,140.00,0.00,-166.00,-166.00,0.00,2,9,AWAY WIN
2024-07-11 17:11:00,176.00,176.00,0.00,-210.00,-210.00,0.00,8,1,HOME WIN
2024-07-13 00:11:00,136.00,136.00,0.00,-162.00,-162.00,0.00,1,4,AWAY WIN
2024-07-13 20:05:00,172.00,172.00,0.00,-205.00,-205.00,0.00,11,5,HOME WIN
2024-07-13 20:10:00,140.00,140.00,0.00,-166.00,-166.00,0.00,10,6,HOME WIN
2024-07-13 23:16:00,174.00,174.00,0.00,-230.00,-230.00,0.00,4,0,HOME WIN
2024-07-14 17:40:00,166.00,166.00,0.00,-198.00,-198.00,0.00,2,3,AWAY WIN
2024-07-14 18:11:00,130.00,130.00,0.00,-154.00,-154.00,0.00,2,4,AWAY WIN
2024-07-14 20:10:00,136.00,136.00,0.00,-162.00,-162.00,0.00,7,8,AWAY WIN
2024-07-20 17:06:00,136.00,136.00,0.00,-162.00,-162.00,0.00,1,9,AWAY WIN
2024-07-21 17:06:00,132.00,132.00,0.00,-156.00,-156.00,0.00,7,8,AWAY WIN
2024-07-21 17:36:00,132.00,132.00,0.00,-156.00,-156.00,0.00,2,6,AWAY WIN
2024-07-22 17:05:00,134.00,134.00,0.00,-158.00,-158.00,0.00,9,1,HOME WIN
2024-07-23 00:11:00,132.00,132.00,0.00,-156.00,-156.00,0.00,10,4,HOME WIN
2024-07-23 01:41:00,136.00,136.00,0.00,-162.00,-162.00,0.00,1,3,AWAY WIN
2024-07-24 19:41:00,176.00,176.00,0.00,-210.00,-210.00,0.00,1,2,AWAY WIN
2024-07-25 17:11:00,150.00,150.00,0.00,-178.00,-178.00,0.00,0,3,AWAY WIN
2024-07-27 22:06:00,144.00,144.00,0.00,-172.00,-172.00,0.00,8,0,HOME WIN
2024-07-28 17:36:00,136.00,136.00,0.00,-162.00,-162.00,0.00,8,6,HOME WIN
2024-07-28 18:11:00,138.00,138.00,0.00,-164.00,-164.00,0.00,3,7,AWAY WIN
2024-07-28 18:11:00,172.00,172.00,0.00,-205.00,-205.00,0.00,6,2,HOME WIN
2024-07-28 20:06:00,164.00,164.00,0.00,-196.00,-196.00,0.00,5,4,HOME WIN
2024-07-30 01:41:00,138.00,138.00,0.00,-164.00,-164.00,0.00,9,8,HOME WIN
2024-07-31 01:46:00,154.00,154.00,0.00,-184.00,-184.00,0.00,2,5,AWAY WIN
2024-07-31 00:11:00,166.00,166.00,0.00,-198.00,-198.00,0.00,2,6,AWAY WIN
2024-07-31 19:40:00,144.00,144.00,0.00,-172.00,-172.00,0.00,5,4,HOME WIN
2024-08-01 01:45:00,168.00,168.00,0.00,-200.00,-200.00,0.00,1,0,HOME WIN
2024-08-03 00:31:00,144.00,144.00,0.00,-172.00,-172.00,0.00,5,8,AWAY WIN
2024-08-03 00:11:00,132.00,132.00,0.00,-156.00,-156.00,0.00,3,2,HOME WIN
2024-08-03 23:15:00,180.00,180.00,0.00,-235.00,-235.00,0.00,6,4,HOME WIN
2024-08-04 17:36:00,138.00,138.00,0.00,-164.00,-164.00,0.00,5,6,AWAY WIN
2024-08-04 17:36:00,180.00,180.00,0.00,-215.00,-215.00,0.00,4,3,HOME WIN
2024-08-04 18:11:00,140.00,140.00,0.00,-166.00,-166.00,0.00,0,1,AWAY WIN
2024-08-07 23:36:00,180.00,180.00,0.00,-235.00,-235.00,0.00,2,8,AWAY WIN
2024-08-09 01:41:00,172.00,172.00,0.00,-205.00,-205.00,0.00,4,3,HOME WIN
2024-08-10 02:16:00,160.00,160.00,0.00,-190.00,-190.00,0.00,3,2,HOME WIN
2024-08-11 17:38:00,132.00,132.00,0.00,-156.00,-156.00,0.00,4,8,AWAY WIN
2024-08-11 20:06:00,144.00,144.00,0.00,-172.00,-172.00,0.00,4,5,AWAY WIN
2024-08-15 17:11:00,142.00,142.00,0.00,-168.00,-168.00,0.00,6,7,AWAY WIN
2024-08-17 18:21:00,136.00,136.00,0.00,-162.00,-162.00,0.00,3,2,HOME WIN
2024-08-17 20:11:00,166.00,166.00,0.00,-198.00,-198.00,0.00,4,0,HOME WIN
2024-08-18 16:06:00,166.00,166.00,0.00,-198.00,-198.00,0.00,2,3,AWAY WIN
2024-08-18 17:36:00,144.00,144.00,0.00,-172.00,-172.00,0.00,4,6,AWAY WIN
2024-08-18 18:21:00,150.00,150.00,0.00,-178.00,-178.00,0.00,0,1,AWAY WIN
2024-08-22 02:11:00,152.00,152.00,0.00,-180.00,-180.00,0.00,8,4,HOME WIN
2024-08-22 17:06:00,138.00,138.00,0.00,-164.00,-164.00,0.00,6,0,HOME WIN
2024-08-22 18:21:00,176.00,176.00,0.00,-210.00,-210.00,0.00,10,2,HOME WIN
2024-08-24 19:08:00,140.00,140.00,0.00,-166.00,-166.00,0.00,3,1,HOME WIN
2024-08-25 16:06:00,160.00,160.00,0.00,-190.00,-190.00,0.00,1,5,AWAY WIN
2024-08-25 17:38:00,136.00,136.00,0.00,-162.00,-162.00,0.00,8,2,HOME WIN
2024-08-25 20:11:00,166.00,166.00,0.00,-198.00,-198.00,0.00,3,1,HOME WIN
2024-08-28 00:05:00,130.00,130.00,0.00,-154.00,-154.00,0.00,6,2,HOME WIN
2024-08-28 16:35:00,142.00,142.00,0.00,-168.00,-168.00,0.00,10,14,AWAY WIN
2024-08-28 20:11:00,152.00,152.00,0.00,-180.00,-180.00,0.00,6,2,HOME WIN
2024-08-29 00:05:00,136.00,136.00,0.00,-162.00,-162.00,0.00,3,2,HOME WIN
2024-08-29 17:11:00,142.00,142.00,0.00,-168.00,-168.00,0.00,0,3,AWAY WIN
2024-08-31 17:06:00,140.00,140.00,0.00,-166.00,-166.00,0.00,5,6,AWAY WIN
2024-09-01 17:36:00,168.00,168.00,0.00,-200.00,-200.00,0.00,7,14,AWAY WIN
2024-09-01 18:11:00,140.00,140.00,0.00,-166.00,-166.00,0.00,7,2,HOME WIN
2024-09-01 18:11:00,158.00,158.00,0.00,-188.00,-188.00,0.00,4,3,HOME WIN
2024-09-02 18:11:00,136.00,136.00,0.00,-162.00,-162.00,0.00,9,3,HOME WIN
2024-09-07 01:40:00,176.00,176.00,0.00,-210.00,-210.00,0.00,5,1,HOME WIN
2024-09-07 20:06:00,146.00,146.00,0.00,-174.00,-174.00,0.00,1,7,AWAY WIN
2024-09-07 20:11:00,134.00,134.00,0.00,-158.00,-158.00,0.00,11,5,HOME WIN
2024-09-08 16:06:00,166.00,166.00,0.00,-198.00,-198.00,0.00,0,2,AWAY WIN
2024-09-08 17:36:00,138.00,138.00,0.00,-164.00,-164.00,0.00,7,3,HOME WIN
2024-09-08 18:36:00,138.00,138.00,0.00,-164.00,-164.00,0.00,7,4,HOME WIN
2024-09-08 20:11:00,140.00,140.00,0.00,-166.00,-166.00,0.00,4,0,HOME WIN
2024-09-08 20:11:00,172.00,172.00,0.00,-205.00,-205.00,0.00,6,7,AWAY WIN
2024-09-12 02:11:00,136.00,136.00,0.00,-162.00,-162.00,0.00,10,8,HOME WIN
2024-09-12 17:16:00,142.00,142.00,0.00,-168.00,-168.00,0.00,6,1,HOME WIN
2024-09-14 17:06:00,160.00,160.00,0.00,-190.00,-190.00,0.00,1,7,AWAY WIN
2024-09-15 17:06:00,142.00,142.00,0.00,-168.00,-168.00,0.00,9,2,HOME WIN
2024-09-15 17:36:00,150.00,150.00,0.00,-178.00,-178.00,0.00,5,2,HOME WIN
2024-09-15 17:36:00,142.00,142.00,0.00,-168.00,-168.00,0.00,4,3,HOME WIN
2024-09-15 20:11:00,144.00,144.00,0.00,-172.00,-172.00,0.00,7,0,HOME WIN
2024-09-16 23:40:03,158.00,158.00,0.00,-188.00,-205.00,-17.00,9,2,HOME WIN
2024-09-18 01:39:00,130.00,130.00,0.00,-154.00,-154.00,0.00,5,0,HOME WIN
2024-09-18 18:21:00,136.00,136.00,0.00,-162.00,-162.00,0.00,3,5,AWAY WIN
2024-09-20 18:21:00,152.00,152.00,0.00,-180.00,-180.00,0.00,3,1,HOME WIN
2024-09-21 23:11:00,134.00,134.00,0.00,-158.00,-158.00,0.00,0,9,AWAY WIN
2024-09-22 18:21:00,168.00,168.00,0.00,-200.00,-200.00,0.00,5,0,HOME WIN
2024-09-24 22:41:00,144.00,144.00,0.00,-172.00,-172.00,0.00,2,1,HOME WIN
2024-09-28 02:11:00,144.00,144.00,0.00,-172.00,-172.00,0.00,2,0,HOME WIN
2024-09-28 20:06:00,138.00,138.00,0.00,-164.00,-164.00,0.00,6,5,HOME WIN
2024-09-29 19:10:00,142.00,142.00,0.00,-168.00,-168.00,0.00,11,2,HOME WIN
2024-09-29 19:11:00,154.00,154.00,0.00,-184.00,-184.00,0.00,6,4,HOME WIN
2024-09-30 17:11:00,130.00,130.00,0.00,-154.00,-154.00,0.00,3,0,HOME WIN
2024-10-02 00:39:00,132.00,132.00,0.00,-156.00,-156.00,0.00,4,0,HOME WIN
2023-04-01 00:10:00,132.00,130.00,-2.00,-156.00,-154.00,2.00,6,3,HOME WIN
2023-04-01 02:10:00,144.00,142.00,-2.00,-172.00,-168.00,4.00,4,9,AWAY WIN
2023-04-15 00:15:00,136.00,134.00,-2.00,-162.00,-158.00,4.00,3,0,HOME WIN
2023-04-26 01:38:00,154.00,152.00,-2.00,-184.00,-180.00,4.00,5,3,HOME WIN
2023-08-22 23:05:00,164.00,162.00,-2.00,-196.00,-215.00,-19.00,1,2,AWAY WIN
2023-09-06 23:05:00,140.00,138.00,-2.00,-166.00,-176.00,-10.00,4,3,HOME WIN
2023-09-21 23:15:00,146.00,144.00,-2.00,-174.00,-186.00,-12.00,5,4,HOME WIN
2023-10-28 00:03:00,136.00,134.00,-2.00,-162.00,-158.00,4.00,6,5,HOME WIN
2024-05-18 23:10:29,146.00,144.00,-2.00,-174.00,-182.00,-8.00,5,3,HOME WIN
2024-05-26 02:10:00,160.00,158.00,-2.00,-190.00,-188.00,2.00,3,2,HOME WIN
2024-07-03 02:10:00,168.00,166.00,-2.00,-200.00,-198.00,2.00,6,5,HOME WIN
2024-07-10 00:11:00,138.00,136.00,-2.00,-164.00,-162.00,2.00,2,12,AWAY WIN
2024-07-13 00:16:00,166.00,164.00,-2.00,-198.00,-196.00,2.00,1,5,AWAY WIN
2024-07-31 01:41:00,142.00,140.00,-2.00,-168.00,-166.00,2.00,17,0,HOME WIN
2024-09-07 02:11:00,132.00,130.00,-2.00,-156.00,-154.00,2.00,1,3,AWAY WIN
2024-10-01 20:08:00,132.00,130.00,-2.00,-156.00,-154.00,2.00,0,1,AWAY WIN
2023-04-13 00:05:00,146.00,142.00,-4.00,-174.00,-168.00,6.00,1,10,AWAY WIN
2023-04-15 02:10:00,144.00,140.00,-4.00,-172.00,-166.00,6.00,5,3,HOME WIN
2023-05-02 01:40:00,180.00,176.00,-4.00,-215.00,-210.00,5.00,8,3,HOME WIN
2023-05-13 00:10:00,140.00,136.00,-4.00,-166.00,-162.00,4.00,2,6,AWAY WIN
2023-05-17 02:10:00,180.00,176.00,-4.00,-215.00,-210.00,5.00,1,5,AWAY WIN
2023-06-14 02:10:00,172.00,168.00,-4.00,-205.00,-200.00,5.00,5,1,HOME WIN
2023-06-27 00:05:00,168.00,164.00,-4.00,-200.00,-196.00,4.00,2,7,AWAY WIN
2023-08-09 00:10:00,180.00,176.00,-4.00,-215.00,-210.00,5.00,3,7,AWAY WIN
2023-09-16 00:10:00,168.00,164.00,-4.00,-200.00,-196.00,4.00,5,3,HOME WIN
2024-03-31 00:10:00,154.00,150.00,-4.00,-184.00,-178.00,6.00,4,9,AWAY WIN
2024-04-13 02:10:00,168.00,164.00,-4.00,-200.00,-196.00,4.00,7,8,AWAY WIN
2024-04-16 01:42:00,134.00,130.00,-4.00,-158.00,-154.00,4.00,9,3,HOME WIN
2024-04-28 01:40:00,136.00,132.00,-4.00,-162.00,-156.00,6.00,3,1,HOME WIN
2024-05-03 23:05:00,142.00,138.00,-4.00,-168.00,-176.00,-8.00,2,1,HOME WIN
2024-05-22 02:10:00,142.00,138.00,-4.00,-168.00,-164.00,4.00,3,7,AWAY WIN
2024-06-08 00:15:00,158.00,154.00,-4.00,-188.00,-184.00,4.00,8,5,HOME WIN
2024-08-07 01:41:00,172.00,168.00,-4.00,-205.00,-200.00,5.00,2,4,AWAY WIN
2024-08-22 00:11:00,158.00,154.00,-4.00,-188.00,-184.00,4.00,3,0,HOME WIN
2023-05-10 01:40:00,142.00,136.00,-6.00,-168.00,-162.00,6.00,5,0,HOME WIN
2023-05-27 02:10:00,142.00,136.00,-6.00,-168.00,-162.00,6.00,6,11,AWAY WIN
2023-06-15 01:40:00,164.00,158.00,-6.00,-196.00,-188.00,8.00,1,4,AWAY WIN
2023-08-02 00:05:00,142.00,136.00,-6.00,-168.00,-162.00,6.00,20,9,HOME WIN
2023-08-15 23:40:00,164.00,158.00,-6.00,-196.00,-210.00,-14.00,5,3,HOME WIN
2024-03-28 20:10:00,136.00,130.00,-6.00,-162.00,-154.00,8.00,8,2,HOME WIN
2024-04-15 22:49:59,136.00,130.00,-6.00,-162.00,-166.00,-4.00,3,7,AWAY WIN
2024-05-18 02:10:00,166.00,160.00,-6.00,-198.00,-190.00,8.00,7,3,HOME WIN
2024-07-08 23:11:00,160.00,154.00,-6.00,-190.00,-200.00,-10.00,6,0,HOME WIN
2024-08-19 23:08:00,142.00,136.00,-6.00,-168.00,-174.00,-6.00,3,6,AWAY WIN
2024-08-28 02:10:00,166.00,160.00,-6.00,-198.00,-190.00,8.00,2,3,AWAY WIN
2023-03-31 02:10:00,154.00,146.00,-8.00,-184.00,-174.00,10.00,8,2,HOME WIN
2023-08-12 00:10:00,158.00,150.00,-8.00,-188.00,-178.00,10.00,11,3,HOME WIN
2023-08-16 23:07:00,138.00,130.00,-8.00,-164.00,-166.00,-2.00,4,9,AWAY WIN
2023-08-23 01:40:00,158.00,150.00,-8.00,-188.00,-178.00,10.00,0,3,AWAY WIN
2023-09-13 01:40:00,176.00,168.00,-8.00,-210.00,-200.00,10.00,8,0,HOME WIN
2024-04-24 23:40:00,168.00,160.00,-8.00,-200.00,-210.00,-10.00,6,3,HOME WIN
2024-07-24 23:06:00,140.00,132.00,-8.00,-166.00,-170.00,-4.00,3,12,AWAY WIN
2024-09-09 22:41:00,166.00,158.00,-8.00,-198.00,-205.00,-7.00,2,1,HOME WIN
2023-04-15 02:10:00,146.00,136.00,-10.00,-174.00,-162.00,12.00,2,8,AWAY WIN
2023-06-24 02:15:00,160.00,150.00,-10.00,-190.00,-178.00,12.00,8,5,HOME WIN
2023-07-20 01:40:00,140.00,130.00,-10.00,-166.00,-154.00,12.00,3,6,AWAY WIN
2023-08-26 02:10:00,168.00,158.00,-10.00,-200.00,-188.00,12.00,7,5,HOME WIN
2024-03-29 02:10:00,140.00,130.00,-10.00,-166.00,-154.00,12.00,4,6,AWAY WIN
2024-06-11 01:40:00,190.00,180.00,-10.00,-230.00,-215.00,15.00,8,4,HOME WIN
2024-07-02 22:41:00,158.00,148.00,-10.00,-188.00,-190.00,-2.00,7,6,HOME WIN
2024-07-27 01:41:00,150.00,140.00,-10.00,-178.00,-166.00,12.00,4,3,HOME WIN
2024-09-07 00:06:00,144.00,134.00,-10.00,-172.00,-158.00,14.00,1,5,AWAY WIN
2024-09-27 23:06:00,160.00,150.00,-10.00,-190.00,-194.00,-4.00,2,4,AWAY WIN
2023-05-02 02:10:00,150.00,138.00,-12.00,-178.00,-164.00,14.00,13,4,HOME WIN
2023-08-19 01:40:00,154.00,142.00,-12.00,-184.00,-168.00,16.00,4,0,HOME WIN
2023-08-30 01:45:00,152.00,140.00,-12.00,-180.00,-166.00,14.00,6,1,HOME WIN
2023-10-04 00:08:00,142.00,130.00,-12.00,-168.00,-154.00,14.00,4,1,HOME WIN
2023-04-13 23:07:00,190.00,176.00,-14.00,-230.00,-230.00,0.00,1,3,AWAY WIN
2023-06-01 01:40:00,150.00,136.00,-14.00,-178.00,-162.00,16.00,6,0,HOME WIN
2023-07-22 00:10:00,146.00,132.00,-14.00,-174.00,-156.00,18.00,9,4,HOME WIN
2023-08-30 02:10:00,172.00,158.00,-14.00,-205.00,-188.00,17.00,9,1,HOME WIN
2024-05-14 22:40:29,154.00,140.00,-14.00,-184.00,-180.00,4.00,0,1,AWAY WIN
2024-07-12 00:11:00,166.00,152.00,-14.00,-198.00,-180.00,18.00,6,3,HOME WIN
2023-07-15 02:10:00,166.00,150.00,-16.00,-198.00,-178.00,20.00,4,5,AWAY WIN
2023-07-16 01:40:00,188.00,172.00,-16.00,-225.00,-205.00,20.00,0,6,AWAY WIN
2023-07-19 00:05:00,158.00,142.00,-16.00,-188.00,-168.00,20.00,17,3,HOME WIN
2024-04-19 01:45:00,152.00,136.00,-16.00,-180.00,-162.00,18.00,5,0,HOME WIN
2024-05-19 01:10:00,176.00,160.00,-16.00,-210.00,-190.00,20.00,4,0,HOME WIN
2024-07-24 01:41:00,152.00,136.00,-16.00,-180.00,-162.00,18.00,1,5,AWAY WIN
2023-06-17 00:10:00,168.00,150.00,-18.00,-200.00,-178.00,22.00,1,2,AWAY WIN
2024-04-02 02:10:00,190.00,172.00,-18.00,-230.00,-205.00,25.00,8,3,HOME WIN
2024-06-12 01:40:00,152.00,134.00,-18.00,-180.00,-158.00,22.00,9,4,HOME WIN
2024-07-25 02:10:00,176.00,158.00,-18.00,-210.00,-188.00,22.00,3,8,AWAY WIN
2024-04-06 23:10:00,150.00,130.00,-20.00,-178.00,-166.00,12.00,3,0,HOME WIN
2024-07-10 23:11:00,166.00,146.00,-20.00,-198.00,-186.00,12.00,2,5,AWAY WIN
2023-04-19 02:10:00,152.00,130.00,-22.00,-180.00,-154.00,26.00,5,0,HOME WIN
2023-05-03 02:10:00,154.00,130.00,-24.00,-184.00,-154.00,30.00,13,1,HOME WIN
2023-07-07 02:10:00,200.00,176.00,-24.00,-245.00,-210.00,35.00,5,2,HOME WIN
2023-07-19 23:20:00,190.00,164.00,-26.00,-230.00,-215.00,15.00,3,5,AWAY WIN
2023-07-30 01:10:00,190.00,164.00,-26.00,-230.00,-196.00,34.00,3,2,HOME WIN
2023-08-12 23:15:00,172.00,146.00,-26.00,-205.00,-186.00,19.00,11,3,HOME WIN
2023-09-02 00:10:00,176.00,150.00,-26.00,-210.00,-178.00,32.00,2,6,AWAY WIN
2024-06-25 01:40:00,190.00,164.00,-26.00,-230.00,-196.00,34.00,7,6,HOME WIN
2024-07-02 23:06:00,168.00,142.00,-26.00,-200.00,-182.00,18.00,4,5,AWAY WIN
2023-06-26 23:10:00,160.00,130.00,-30.00,-190.00,-166.00,24.00,1,2,AWAY WIN
2023-06-28 01:38:00,172.00,142.00,-30.00,-205.00,-168.00,37.00,4,2,HOME WIN
2024-08-14 01:40:00,198.00,168.00,-30.00,-240.00,-200.00,40.00,4,3,HOME WIN
2023-05-05 23:10:00,205.00,172.00,-33.00,-250.00,-225.00,25.00,1,0,HOME WIN
2024-09-26 23:40:00,184.00,148.00,-36.00,-220.00,-192.00,28.00,6,8,AWAY WIN
2023-06-16 00:10:00,205.00,166.00,-39.00,-250.00,-198.00,52.00,1,4,AWAY WIN
2023-05-09 23:10:01,188.00,148.00,-40.00,-225.00,-190.00,35.00,10,5,HOME WIN
2024-06-12 01:40:00,194.00,154.00,-40.00,-235.00,-184.00,51.00,4,3,HOME WIN
2023-06-12 23:10:00,205.00,162.00,-43.00,-250.00,-210.00,40.00,3,4,AWAY WIN
2023-08-10 22:40:00,225.00,180.00,-45.00,-275.00,-235.00,40.00,6,2,HOME WIN
2024-05-30 23:21:15,194.00,148.00,-46.00,-235.00,-190.00,45.00,1,3,AWAY WIN
2023-08-10 23:10:00,225.00,172.00,-53.00,-275.00,-225.00,50.00,2,0,HOME WIN
2023-04-12 23:20:00,225.00,152.00,-73.00,-275.00,-196.00,79.00,5,4,HOME WIN
2024-05-17 23:06:00,235.00,152.00,-83.00,-290.00,-196.00,94.00,4,2,HOME WIN
2023-06-23 23:07:00,235.00,140.00,-95.00,-290.00,-180.00,110.00,4,5,AWAY WIN
2023-04-12 23:07:00,235.00,136.00,-99.00,-290.00,-174.00,116.00,4,3,HOME WIN
