game_id,external_game_id,commence_time,completed,home_team,away_team,opening_away_odds,opening_home_odds,opening_recorded_at,closing_away_odds,closing_home_odds,closing_recorded_at,away_odds_movement,home_odds_movement,home_score,away_score,final_period,game_result,away_team_profit_loss
5309,8455e11d3c0a0a9bfbb06a22612bec32,2025-06-26 01:46:00,0,San Francisco Giants,Miami Marlins,160.00,-190.00,2025-06-24 18:14:22,176.00,-210.00,2025-06-25 03:30:29,16.00,-20.00,,,,NO_SCORE,0.0000
5302,99c18957b17e2f57c61d4cfe0dcbb5d6,2025-06-25 22:41:00,0,Detroit Tigers,Oakland Athletics,152.00,-180.00,2025-06-24 18:14:22,140.00,-166.00,2025-06-25 03:30:29,-12.00,14.00,,,,NO_SCORE,0.0000
5282,d893be2d3acf8c365a65051634a0dee1,2025-06-25 01:46:00,0,San Francisco Giants,Miami Marlins,154.00,-184.00,2025-06-23 18:44:58,-125.00,-102.00,2025-06-25 03:30:29,-279.00,82.00,,,,NO_SCORE,0.0000
5283,31d09bdf5fbe6b0d2835ee397ae2a319,2025-06-25 01:41:00,0,San Diego Padres,Washington Nationals,138.00,-164.00,2025-06-23 22:15:23,560.00,-1000.00,2025-06-25 03:30:29,422.00,-836.00,,,,NO_SCORE,0.0000
5276,901bd83f42ee139ebaeeed92f0283262,2025-06-24 23:41:24,0,Milwaukee Brewers,Pittsburgh Pirates,160.00,-190.00,2025-06-23 18:44:58,3000.00,-50000.00,2025-06-25 01:45:52,2840.00,-49810.00,,,,NO_SCORE,0.0000
5271,fc795e8581fc2ec2fdac062b5bb2a041,2025-06-24 01:41:00,0,San Diego Padres,Washington Nationals,138.00,-164.00,2025-06-23 04:45:38,-2000.00,830.00,2025-06-24 03:57:26,-2138.00,994.00,,,,NO_SCORE,0.0000
5270,5e6a4ec786f4c72b8b7636e89299034e,2025-06-23 23:41:54,0,Milwaukee Brewers,Pittsburgh Pirates,158.00,-188.00,2025-06-23 03:00:35,-2500.00,900.00,2025-06-24 02:34:01,-2658.00,1088.00,,,,NO_SCORE,0.0000
5256,9c6c27d8efecf7adc1f8a8176a6c184c,2025-06-22 20:06:00,0,San Francisco Giants,Boston Red Sox,138.00,-164.00,2025-06-21 18:14:56,1500.00,-7000.00,2025-06-22 22:14:31,1362.00,-6836.00,,,,NO_SCORE,0.0000
5252,81f05da100c2ad06b2394f75e0a3f356,2025-06-22 18:11:00,0,Minnesota Twins,Milwaukee Brewers,136.00,-162.00,2025-06-21 18:14:56,-164.00,128.00,2025-06-22 21:30:07,-300.00,290.00,,,,NO_SCORE,0.0000
5262,89255f01993b6ae41f25579956afbf03,2025-06-22 17:38:00,0,Toronto Blue Jays,Chicago White Sox,180.00,-215.00,2025-06-21 20:42:20,-4000.00,1100.00,2025-06-22 20:15:15,-4180.00,1315.00,,,,NO_SCORE,0.0000
5248,431cf00e5dd82eb78d43af1d299b487d,2025-06-22 15:38:00,0,New York Yankees,Baltimore Orioles,144.00,-172.00,2025-06-21 18:00:05,3000.00,-50000.00,2025-06-22 18:36:54,2856.00,-49828.00,,,,NO_SCORE,0.0000
5241,b72508547772d08353de3edae287bf1e,2025-06-21 23:16:00,0,San Diego Padres,Kansas City Royals,150.00,-178.00,2025-06-20 18:29:05,1400.00,-6000.00,2025-06-22 01:30:14,1250.00,-5822.00,,,,NO_SCORE,0.0000
5238,f5637ec07726be9668aaaf1a07e0bc58,2025-06-21 20:06:00,0,San Francisco Giants,Boston Red Sox,130.00,-154.00,2025-06-20 18:29:05,1060.00,-3500.00,2025-06-21 22:15:03,930.00,-3346.00,,,,NO_SCORE,0.0000
5247,0fa7e91fe399a7fff4fab775a0e18c03,2025-06-21 19:08:03,0,Toronto Blue Jays,Chicago White Sox,166.00,-198.00,2025-06-20 19:15:19,1700.00,-10000.00,2025-06-21 20:42:20,1534.00,-9802.00,,,,NO_SCORE,0.0000
5237,05bf94fb854222d8b0485b964035a325,2025-06-21 18:21:00,0,Chicago Cubs,Seattle Mariners,134.00,-158.00,2025-06-20 18:15:37,3500.00,-50000.00,2025-06-21 21:15:30,3366.00,-49842.00,,,,NO_SCORE,0.0000
5236,c6365a4e83a9c146d1bc7c40acf8ee5b,2025-06-21 18:16:00,0,St. Louis Cardinals,Cincinnati Reds,166.00,-198.00,2025-06-20 18:15:37,168.00,-220.00,2025-06-21 21:34:28,2.00,-22.00,,,,NO_SCORE,0.0000
5235,e9b423719aabee0ab81f1d203f04e0ed,2025-06-21 17:10:00,0,New York Yankees,Baltimore Orioles,136.00,-162.00,2025-06-20 18:15:37,2000.00,-20000.00,2025-06-21 18:26:56,1864.00,-19838.00,,,,NO_SCORE,0.0000
5221,59bdff7006cd4b932e0bc237a8fd2795,2025-06-21 02:11:00,0,Los Angeles Dodgers,Washington Nationals,158.00,-188.00,2025-06-19 18:15:23,1100.00,-4000.00,2025-06-21 04:52:21,942.00,-3812.00,,,,NO_SCORE,0.0000
5230,fd7a17829695c95ef5186babd95b1dbb,2025-06-21 01:41:00,0,San Diego Padres,Kansas City Royals,158.00,-188.00,2025-06-20 01:15:15,-10000.00,1700.00,2025-06-21 04:43:52,-10158.00,1888.00,,,,NO_SCORE,0.0000
5219,ec73fd05a460d50471cee186b7099e4d,2025-06-21 00:15:21,0,Minnesota Twins,Milwaukee Brewers,158.00,-188.00,2025-06-19 18:15:23,-50000.00,3500.00,2025-06-21 02:14:24,-50158.00,3688.00,,,,NO_SCORE,0.0000
5228,96c90dbdcd3e4c57026d1405abc4939b,2025-06-20 23:08:49,0,Toronto Blue Jays,Chicago White Sox,160.00,-190.00,2025-06-20 00:44:24,-50000.00,3500.00,2025-06-21 01:00:30,-50160.00,3690.00,,,,NO_SCORE,0.0000
5210,6461c46d177ee34111313f7c4d8d44e3,2025-06-19 23:46:00,1,Tampa Bay Rays,Baltimore Orioles,134.00,-158.00,2025-06-18 18:14:06,-1400.00,680.00,2025-06-20 02:15:42,-1534.00,838.00,1,4,F,AWAY_WIN,134.0000
5207,d195ffdb49e26965fbc25b34defdd1bd,2025-06-19 20:06:00,1,San Francisco Giants,Cleveland Guardians,136.00,-162.00,2025-06-18 18:14:06,1060.00,-3500.00,2025-06-19 22:26:53,924.00,-3338.00,2,1,F,HOME_WIN,-100.0000
5202,c3c95b8e2f8964cca22caea9c74b6411,2025-06-19 17:05:26,1,Washington Nationals,Colorado Rockies,134.00,-158.00,2025-06-18 17:58:56,-140.00,110.00,2025-06-19 19:56:15,-274.00,268.00,4,3,F,HOME_WIN,-100.0000
5196,da848a12818f8e8d07f5cc38723ef1d7,2025-06-19 02:11:00,1,Los Angeles Dodgers,San Diego Padres,136.00,-162.00,2025-06-17 18:30:09,140.00,-180.00,2025-06-19 04:50:07,4.00,-18.00,4,3,F,HOME_WIN,-100.0000
5188,6f36a7f7dde65de5ee0967af56afe50a,2025-06-19 00:31:00,1,Washington Nationals,Colorado Rockies,150.00,-178.00,2025-06-17 18:30:09,-5000.00,1300.00,2025-06-19 02:54:10,-5150.00,1478.00,1,3,F,AWAY_WIN,150.0000
5191,68988b11505604d82e3004510855c8da,2025-06-18 23:16:00,1,Atlanta Braves,New York Mets,150.00,-178.00,2025-06-17 18:30:09,3000.00,-50000.00,2025-06-19 01:15:35,2850.00,-49822.00,5,0,F,HOME_WIN,-100.0000
5184,cb3a8365956294fbb542245fec1081de,2025-06-18 02:11:00,1,Los Angeles Dodgers,San Diego Padres,180.00,-215.00,2025-06-17 08:14:38,1700.00,-10000.00,2025-06-18 05:19:06,1520.00,-9785.00,8,6,F,HOME_WIN,-100.0000
5182,4fcbcd52984d278e71d7bd3024c579e0,2025-06-18 01:46:00,1,San Francisco Giants,Cleveland Guardians,138.00,-164.00,2025-06-16 17:45:14,-460.00,320.00,2025-06-18 04:20:54,-598.00,484.00,2,3,F,AWAY_WIN,138.0000
5181,d2af7353959b4ffaeba1cd4c7c3d9c9e,2025-06-18 01:42:00,1,Seattle Mariners,Boston Red Sox,158.00,-188.00,2025-06-16 17:45:14,2500.00,-20000.00,2025-06-18 02:44:46,2342.00,-19812.00,8,0,F,HOME_WIN,-100.0000
5170,66057d172d66d1e51aa7e2b418502262,2025-06-17 22:41:00,1,Detroit Tigers,Pittsburgh Pirates,160.00,-190.00,2025-06-16 17:45:14,3000.00,-50000.00,2025-06-18 00:43:03,2840.00,-49810.00,7,3,F,HOME_WIN,-100.0000
5165,60778e6618fc47da3c988e91ced39524,2025-06-17 01:41:00,1,Seattle Mariners,Boston Red Sox,142.00,-168.00,2025-06-15 18:15:40,-10000.00,1700.00,2025-06-17 04:08:44,-10142.00,1868.00,0,2,F,AWAY_WIN,142.0000
5166,f8b977a9a45a2c67182143d2a0294726,2025-06-16 23:06:00,1,New York Yankees,Los Angeles Angels,176.00,-210.00,2025-06-15 19:15:09,-320.00,235.00,2025-06-17 02:13:25,-496.00,445.00,0,1,F,AWAY_WIN,176.0000
5164,4f704702fabeaa11850683f4b764f5b6,2025-06-16 22:46:00,1,Washington Nationals,Colorado Rockies,160.00,-190.00,2025-06-15 18:00:16,-560.00,370.00,2025-06-17 01:04:19,-720.00,560.00,4,6,F,AWAY_WIN,160.0000
5161,3ea24ade33d259cb5e52268c72fdd124,2025-06-15 23:11:00,0,Los Angeles Dodgers,San Francisco Giants,158.00,-188.00,2025-06-14 18:30:44,2400.00,-10000.00,2025-06-16 01:35:08,2242.00,-9812.00,,,,NO_SCORE,0.0000
5160,f97469f34c0c0bb75609313cd70bcde1,2025-06-15 20:10:00,1,Los Angeles Dodgers,San Francisco Giants,158.00,-188.00,2025-06-14 17:30:17,158.00,-188.00,2025-06-14 18:22:03,0.00,0.00,5,4,F,HOME_WIN,-100.0000
5162,ab50ed9ed7c6592daeefaf6b95a0f8b6,2025-06-15 18:38:00,1,Texas Rangers,Chicago White Sox,160.00,-190.00,2025-06-15 01:30:02,1400.00,-6000.00,2025-06-15 21:37:13,1240.00,-5810.00,2,1,F,HOME_WIN,-100.0000
5157,de3f055afa82da3c6c6676e9b53e4893,2025-06-15 18:21:00,1,Chicago Cubs,Pittsburgh Pirates,130.00,-154.00,2025-06-14 17:30:17,520.00,-900.00,2025-06-15 20:51:40,390.00,-746.00,3,2,F,HOME_WIN,-100.0000
5152,9089db3766c8603fbf04543a6d4e08d1,2025-06-15 17:37:00,1,Philadelphia Phillies,Toronto Blue Jays,144.00,-172.00,2025-06-14 17:15:29,1300.00,-5000.00,2025-06-15 19:15:09,1156.00,-4828.00,11,4,F,HOME_WIN,-100.0000
5151,02963f093cc9cf5ff7c8b72e0b265ebe,2025-06-15 17:36:00,1,Washington Nationals,Miami Marlins,158.00,-188.00,2025-06-14 17:15:29,-7000.00,1500.00,2025-06-15 20:14:48,-7158.00,1688.00,1,3,F,AWAY_WIN,158.0000
5147,99a48da3fe39f274bc4b381966eea2f0,2025-06-15 16:06:00,1,Detroit Tigers,Cincinnati Reds,146.00,-174.00,2025-06-14 17:15:29,-10000.00,1700.00,2025-06-15 18:56:41,-10146.00,1874.00,4,8,F,AWAY_WIN,146.0000
5141,63f7d455dcdf7b212bef599f2a19cc9d,2025-06-15 02:11:00,1,Los Angeles Dodgers,San Francisco Giants,140.00,-166.00,2025-06-13 17:28:56,1700.00,-10000.00,2025-06-15 03:00:07,1560.00,-9834.00,11,5,F,HOME_WIN,-100.0000
5143,94ff6a85e0db091590e388d117e79125,2025-06-14 20:11:00,0,Kansas City Royals,Oakland Athletics,134.00,-158.00,2025-06-13 23:29:41,-50000.00,3500.00,2025-06-14 22:15:16,-50134.00,3658.00,,,,NO_SCORE,0.0000
5134,6e3b617f369024c1e319dbe9fa2d505b,2025-06-14 20:06:00,1,Philadelphia Phillies,Toronto Blue Jays,146.00,-174.00,2025-06-13 17:28:56,2000.00,-20000.00,2025-06-14 22:42:04,1854.00,-19826.00,3,2,F,HOME_WIN,-100.0000
5131,5b65f01ecbc655ac1a565c8a5d734c5d,2025-06-14 17:11:00,1,Detroit Tigers,Cincinnati Reds,154.00,-184.00,2025-06-13 17:14:20,-20000.00,2500.00,2025-06-14 19:00:22,-20154.00,2684.00,1,11,F,AWAY_WIN,154.0000
5124,7a1bca7a3e587aeef9d30bb425e3e528,2025-06-14 02:11:00,1,Los Angeles Dodgers,San Francisco Giants,160.00,-190.00,2025-06-12 17:45:09,-1600.00,750.00,2025-06-14 04:14:20,-1760.00,940.00,2,6,F,AWAY_WIN,160.0000
5128,0c25682262b350c86e632c27c47291f4,2025-06-14 00:26:00,0,Kansas City Royals,Oakland Athletics,144.00,-172.00,2025-06-12 23:44:48,-50000.00,3500.00,2025-06-14 02:45:13,-50144.00,3672.00,,,,NO_SCORE,0.0000
5125,221e71d00490e6cbe49c8b5479ebe29f,2025-06-14 00:15:01,1,Baltimore Orioles,Los Angeles Angels,138.00,-164.00,2025-06-12 19:15:02,2500.00,-20000.00,2025-06-14 03:42:49,2362.00,-19836.00,2,0,F,HOME_WIN,-100.0000
5119,220586c0c048cd52f6f70d9b4dc6fcc1,2025-06-13 23:11:00,1,New York Mets,Tampa Bay Rays,140.00,-166.00,2025-06-12 17:29:43,-2500.00,900.00,2025-06-14 02:25:30,-2640.00,1066.00,5,7,F,AWAY_WIN,140.0000
5113,764b96ae29a633874083f4ec7d89078d,2025-06-13 00:06:00,1,Chicago Cubs,Pittsburgh Pirates,152.00,-180.00,2025-06-11 17:29:50,1000.00,-3000.00,2025-06-13 02:11:35,848.00,-2820.00,3,2,F,HOME_WIN,-100.0000
5107,96155787760c5671cc2d27bc819163ab,2025-06-12 17:11:00,1,Minnesota Twins,Texas Rangers,136.00,-162.00,2025-06-11 17:29:50,-20000.00,2200.00,2025-06-12 18:44:34,-20136.00,2362.00,3,16,F,AWAY_WIN,136.0000
5102,e823d06ca32754bbea3cadc637d84b57,2025-06-12 00:11:00,1,Houston Astros,Chicago White Sox,168.00,-200.00,2025-06-10 17:59:58,3500.00,-50000.00,2025-06-12 01:30:09,3332.00,-49800.00,10,2,F,HOME_WIN,-100.0000
5105,43d72a686aca4354f2cab35b115db378,2025-06-11 18:16:00,1,St. Louis Cardinals,Toronto Blue Jays,138.00,-164.00,2025-06-10 18:44:14,-7000.00,1500.00,2025-06-11 20:59:52,-7138.00,1664.00,2,5,F,AWAY_WIN,138.0000
5090,27a8eaad444441b7a3d2d74a32161df3,2025-06-11 01:39:00,0,Los Angeles Angels,Oakland Athletics,146.00,-174.00,2025-06-09 23:29:44,400.00,-620.00,2025-06-11 04:18:11,254.00,-446.00,,,,NO_SCORE,0.0000
5084,007a07af3ffa1fc93f60f32b01d27184,2025-06-11 00:11:00,1,Houston Astros,Chicago White Sox,168.00,-200.00,2025-06-09 17:59:16,-20000.00,2500.00,2025-06-11 02:48:04,-20168.00,2700.00,2,4,F,AWAY_WIN,168.0000
5080,8d0e5ec76132d3e74aaf3d4e5060ec38,2025-06-10 23:11:00,1,New York Mets,Washington Nationals,138.00,-164.00,2025-06-09 17:45:04,450.00,-720.00,2025-06-11 01:56:07,312.00,-556.00,5,4,F,HOME_WIN,-100.0000
5071,6998be5fd22cf0cdd875c71587d6af0b,2025-06-10 01:41:03,1,Arizona Diamondbacks,Seattle Mariners,142.00,-168.00,2025-06-08 18:59:40,280.00,-390.00,2025-06-10 05:19:18,138.00,-222.00,8,4,F,HOME_WIN,-100.0000
5076,54bcd7aca66f5025101d920cd4561efa,2025-06-10 01:39:00,0,Los Angeles Angels,Oakland Athletics,130.00,-154.00,2025-06-09 09:13:51,1800.00,-10000.00,2025-06-10 03:44:55,1670.00,-9846.00,,,,NO_SCORE,0.0000
5067,ed0643c9b43274d46d60e0447317b2e5,2025-06-09 22:41:00,1,Cleveland Guardians,Cincinnati Reds,146.00,-174.00,2025-06-08 17:29:09,-3500.00,1060.00,2025-06-10 01:12:45,-3646.00,1234.00,4,7,F,AWAY_WIN,146.0000
5065,07c66f2aed14e868ceba851b02f532fb,2025-06-08 23:11:00,1,New York Yankees,Boston Red Sox,172.00,-205.00,2025-06-07 17:29:50,-50000.00,3000.00,2025-06-09 02:29:52,-50172.00,3205.00,7,11,F,AWAY_WIN,172.0000
5058,9fdc307e657c06c6085daf1837b0dd82,2025-06-08 18:11:00,1,Minnesota Twins,Toronto Blue Jays,150.00,-178.00,2025-06-07 17:14:36,1400.00,-6000.00,2025-06-08 20:45:06,1250.00,-5822.00,6,3,F,HOME_WIN,-100.0000
5045,92c0796a101def2dce6a5e9db244d169,2025-06-07 20:25:00,1,Tampa Bay Rays,Miami Marlins,138.00,-164.00,2025-06-06 17:29:29,-106.00,-120.00,2025-06-07 23:25:52,-244.00,44.00,10,11,F,AWAY_WIN,138.0000
5039,670a9885a5dad570afee3433536ec120,2025-06-07 20:06:00,1,San Francisco Giants,Atlanta Braves,158.00,-188.00,2025-06-06 17:29:29,-1800.00,800.00,2025-06-07 22:11:13,-1958.00,988.00,3,2,F,HOME_WIN,-100.0000
5034,adc38b9dd3fcd616569d3f0332253b69,2025-06-07 00:11:00,1,Minnesota Twins,Toronto Blue Jays,134.00,-158.00,2025-06-06 03:44:44,-3000.00,1000.00,2025-06-07 02:45:00,-3134.00,1158.00,4,6,F,AWAY_WIN,134.0000
5024,0b5b84e1dca930637d7cecfaae2f8961,2025-06-06 23:31:00,1,New York Yankees,Boston Red Sox,140.00,-166.00,2025-06-05 19:29:45,2500.00,-20000.00,2025-06-07 02:14:53,2360.00,-19834.00,9,6,F,HOME_WIN,-100.0000
5032,bc04b75af6fef0c83dd8aa734575d14d,2025-06-06 23:11:00,1,Detroit Tigers,Chicago Cubs,172.00,-205.00,2025-06-06 02:44:41,2000.00,-20000.00,2025-06-07 01:22:43,1828.00,-19795.00,3,1,F,HOME_WIN,-100.0000
5029,af5806bfd61862c63f49b7e7bc79a648,2025-06-06 17:11:00,1,Tampa Bay Rays,Miami Marlins,146.00,-174.00,2025-06-06 03:29:48,1700.00,-10000.00,2025-06-06 19:39:18,1554.00,-9826.00,4,3,F,HOME_WIN,-100.0000
5010,299a11884a56df80d1a7692eff0bd245,2025-06-05 19:41:00,1,Seattle Mariners,Baltimore Orioles,150.00,-178.00,2025-06-04 17:45:10,-2500.00,900.00,2025-06-05 22:02:25,-2650.00,1078.00,3,4,F,AWAY_WIN,150.0000
4996,ce8acee6499537481bf0d79a7196bc51,2025-06-05 00:20:00,1,Atlanta Braves,Arizona Diamondbacks,142.00,-168.00,2025-06-03 17:29:51,-430.00,300.00,2025-06-05 03:09:14,-572.00,468.00,1,2,F,AWAY_WIN,142.0000
4995,f377301ea86e6896192186371c25b93f,2025-06-04 23:11:00,1,New York Yankees,Cleveland Guardians,146.00,-174.00,2025-06-03 17:29:51,-7000.00,1400.00,2025-06-05 01:46:23,-7146.00,1574.00,0,4,F,AWAY_WIN,146.0000
4986,0d632d39e158a52cdd467f82fe7f12f8,2025-06-04 01:41:00,1,Seattle Mariners,Baltimore Orioles,138.00,-164.00,2025-06-02 17:28:54,-50000.00,3000.00,2025-06-04 04:00:01,-50138.00,3164.00,1,5,F,AWAY_WIN,138.0000
4979,44b91dc189da31debc18e8ee4d2f6c5e,2025-06-03 23:09:00,1,New York Yankees,Cleveland Guardians,160.00,-190.00,2025-06-02 16:56:45,1700.00,-10000.00,2025-06-04 01:47:29,1540.00,-9810.00,3,2,F,HOME_WIN,-100.0000
4988,dfc80b6e99c9c3ab644d9d2ee8cd34cf,2025-06-03 22:41:00,1,Miami Marlins,Colorado Rockies,146.00,-174.00,2025-06-02 20:29:18,-4500.00,1200.00,2025-06-04 01:05:39,-4646.00,1374.00,2,3,F,AWAY_WIN,146.0000
4975,27934617eb10f3c02b69322e22dd38f4,2025-06-03 02:11:00,1,Los Angeles Dodgers,New York Mets,136.00,-162.00,2025-06-01 22:14:05,-520.00,350.00,2025-06-03 05:13:22,-656.00,512.00,3,4,F,AWAY_WIN,136.0000
4976,5b3c9550e26f358c2622a85ea807c9de,2025-06-03 01:46:00,1,San Francisco Giants,San Diego Padres,140.00,-166.00,2025-06-02 00:44:38,-950.00,540.00,2025-06-03 04:37:24,-1090.00,706.00,0,1,F,AWAY_WIN,140.0000
4972,21e0dd9d71f12585caf1abc0b52337ea,2025-06-02 22:41:00,1,Miami Marlins,Colorado Rockies,168.00,-200.00,2025-06-01 18:14:51,-460.00,320.00,2025-06-03 01:14:28,-628.00,520.00,4,6,F,AWAY_WIN,168.0000
4969,08b64534ae0e07e178e913fa7d558ffb,2025-06-01 23:11:00,1,Los Angeles Dodgers,New York Yankees,144.00,-172.00,2025-05-31 17:29:50,-6000.00,1400.00,2025-06-02 01:59:27,-6144.00,1572.00,3,7,F,AWAY_WIN,144.0000
4965,af4513072a443c0a51320c701b29c681,2025-06-01 18:21:00,1,Chicago Cubs,Cincinnati Reds,142.00,-168.00,2025-05-31 17:29:50,1200.00,-4500.00,2025-06-01 20:14:39,1058.00,-4332.00,7,3,F,HOME_WIN,-100.0000
4963,ca1f821a63b151be5b3583361466cf25,2025-06-01 18:11:00,1,Kansas City Royals,Detroit Tigers,136.00,-162.00,2025-05-31 17:14:49,-20000.00,2000.00,2025-06-01 20:34:44,-20136.00,2162.00,0,1,F,AWAY_WIN,136.0000
4964,1222c02d94f525c0c3db0dd3d0ef9193,2025-06-01 18:11:00,1,Houston Astros,Tampa Bay Rays,160.00,-190.00,2025-05-31 17:29:50,1700.00,-10000.00,2025-06-01 20:44:56,1540.00,-9810.00,1,0,F,HOME_WIN,-100.0000
4959,0436e54aaf6126f3bc74bd27987c409e,2025-06-01 17:41:00,0,Toronto Blue Jays,Oakland Athletics,172.00,-205.00,2025-05-31 17:14:49,1200.00,-4500.00,2025-06-01 20:14:39,1028.00,-4295.00,,,,NO_SCORE,0.0000
4960,a9a9e811f7a0d4571abd9932d09a1e8c,2025-06-01 17:41:00,1,Cleveland Guardians,Los Angeles Angels,146.00,-174.00,2025-05-31 17:14:49,3000.00,-50000.00,2025-06-01 20:19:54,2854.00,-49826.00,4,2,F,HOME_WIN,-100.0000
4957,2e9d23c334d7f8541696c6751157e8df,2025-06-01 17:36:00,1,Baltimore Orioles,Chicago White Sox,154.00,-184.00,2025-05-31 17:14:49,900.00,-2500.00,2025-06-01 19:57:04,746.00,-2316.00,3,2,F,HOME_WIN,-100.0000
4958,18b6ba13e093eba6785bed4a36925ecd,2025-06-01 17:36:00,1,Philadelphia Phillies,Milwaukee Brewers,150.00,-178.00,2025-05-31 17:14:49,-5000.00,1300.00,2025-06-01 20:11:43,-5150.00,1478.00,2,5,F,AWAY_WIN,150.0000
4955,cefad7b624d0e5b5b5cfa34a49677c06,2025-06-01 17:06:00,1,Texas Rangers,St. Louis Cardinals,142.00,-168.00,2025-05-31 17:14:49,1100.00,-4000.00,2025-06-01 19:14:59,958.00,-3832.00,8,1,F,HOME_WIN,-100.0000
4890,e2a22464e4ad6bca6b3c675a49ebd175,2025-06-01 02:11:00,1,Arizona Diamondbacks,Washington Nationals,168.00,-200.00,2025-05-30 18:15:08,-10000.00,1700.00,2025-06-01 04:59:03,-10168.00,1900.00,7,11,F,AWAY_WIN,168.0000
4881,365907e132322ee76107442625f70fa7,2025-05-31 20:11:00,1,Cleveland Guardians,Los Angeles Angels,144.00,-172.00,2025-05-30 18:00:09,2200.00,-20000.00,2025-05-31 22:59:28,2056.00,-19828.00,7,5,F,HOME_WIN,-100.0000
4883,67c7b7a3130e65687ba5129e0361797f,2025-05-31 20:11:00,1,Atlanta Braves,Boston Red Sox,166.00,-198.00,2025-05-30 18:15:08,3500.00,-50000.00,2025-05-31 21:58:59,3334.00,-49802.00,5,0,F,HOME_WIN,-100.0000
4878,494aa0529e54157a4e2e20f1248735e6,2025-05-31 20:06:00,1,Baltimore Orioles,Chicago White Sox,134.00,-158.00,2025-05-30 18:00:09,2000.00,-20000.00,2025-05-31 22:45:34,1866.00,-19842.00,4,2,F,HOME_WIN,-100.0000
4879,aa10c997f26792e07adb85890d63a1d5,2025-05-31 20:06:00,1,Philadelphia Phillies,Milwaukee Brewers,166.00,-198.00,2025-05-30 18:00:09,-2500.00,870.00,2025-05-31 20:58:17,-2666.00,1068.00,7,17,F,AWAY_WIN,166.0000
4954,38552b61e28a1b46fec48355bb6e7c8d,2025-05-31 19:07:00,0,Toronto Blue Jays,Oakland Athletics,130.00,-154.00,2025-05-31 04:14:26,750.00,-1600.00,2025-05-31 21:43:10,620.00,-1446.00,,,,NO_SCORE,0.0000
4877,7d31b78a3a6d8adb1ad0b40bcab71243,2025-05-31 18:21:00,1,Chicago Cubs,Cincinnati Reds,138.00,-164.00,2025-05-30 18:00:09,3000.00,-50000.00,2025-05-31 20:35:03,2862.00,-49836.00,2,0,F,HOME_WIN,-100.0000
4868,6ad2d4b775fcb9cf31a2e627750ef051,2025-05-31 01:41:00,1,San Diego Padres,Pittsburgh Pirates,176.00,-210.00,2025-05-29 17:13:38,1060.00,-3500.00,2025-05-31 03:44:18,884.00,-3290.00,3,2,F,HOME_WIN,-100.0000
4867,85208d78b1b3328880ae47d467f34475,2025-05-31 00:11:00,1,Houston Astros,Tampa Bay Rays,130.00,-154.00,2025-05-29 17:13:38,112.00,-142.00,2025-05-31 02:14:30,-18.00,12.00,2,1,F,HOME_WIN,-100.0000
4870,94d2b7bf757d25c0537aa27c76b550f4,2025-05-30 23:16:42,1,Atlanta Braves,Boston Red Sox,136.00,-162.00,2025-05-30 00:59:50,-10000.00,1700.00,2025-05-31 02:16:46,-10136.00,1862.00,1,5,F,AWAY_WIN,136.0000
4863,fb42f13c3fbe9439f5bc8b73b42a2bd0,2025-05-30 23:08:00,0,Toronto Blue Jays,Oakland Athletics,146.00,-174.00,2025-05-29 16:45:02,1400.00,-6000.00,2025-05-31 00:58:47,1254.00,-5826.00,,,,NO_SCORE,0.0000
4861,f81891288c758bb910594a810a71339c,2025-05-30 22:46:00,1,Philadelphia Phillies,Milwaukee Brewers,130.00,-154.00,2025-05-29 16:45:02,-20000.00,3000.00,2025-05-31 01:11:36,-20130.00,3154.00,2,6,F,AWAY_WIN,130.0000
4860,9c2194da7eb97922202cbab769535cc5,2025-05-30 18:21:00,1,Chicago Cubs,Cincinnati Reds,144.00,-172.00,2025-05-29 16:45:03,-50000.00,3500.00,2025-05-30 20:44:36,-50144.00,3672.00,2,6,F,AWAY_WIN,144.0000
4847,5aaaed44a7fb6ef7c6ee5ae9b2fb0d9c,2025-05-29 01:41:24,1,Seattle Mariners,Washington Nationals,164.00,-196.00,2025-05-27 18:44:31,-20000.00,2500.00,2025-05-29 03:29:35,-20164.00,2696.00,0,9,F,AWAY_WIN,164.0000
4852,f7d97e7f9626c531e75263d3855a2cf4,2025-05-29 00:09:47,1,Texas Rangers,Toronto Blue Jays,142.00,-168.00,2025-05-28 04:14:45,-20000.00,1800.00,2025-05-29 02:40:59,-20142.00,1968.00,0,2,F,AWAY_WIN,142.0000
4844,1db394a833d8af603e77922440859217,2025-05-28 22:46:00,0,Philadelphia Phillies,Atlanta Braves,142.00,-168.00,2025-05-27 18:29:55,132.00,-156.00,2025-05-28 19:01:09,-10.00,12.00,,,,NO_SCORE,0.0000
4842,958885f2c42b675b4894793f9f6c6a93,2025-05-28 20:11:00,1,San Diego Padres,Miami Marlins,142.00,-168.00,2025-05-27 18:29:55,-10000.00,1700.00,2025-05-28 22:47:05,-10142.00,1868.00,8,10,F,AWAY_WIN,142.0000
4832,c853a8d070e18b946a851e3f4e4b5eed,2025-05-28 01:41:00,1,San Diego Padres,Miami Marlins,144.00,-172.00,2025-05-26 17:59:39,2500.00,-20000.00,2025-05-28 04:36:01,2356.00,-19828.00,8,6,F,HOME_WIN,-100.0000
4828,7fad148aa6254f8346ddf4d38518eb20,2025-05-28 00:11:00,0,Houston Astros,Oakland Athletics,176.00,-210.00,2025-05-26 17:14:35,1300.00,-5000.00,2025-05-28 00:58:43,1124.00,-4790.00,,,,NO_SCORE,0.0000
4827,4067db4c41b949ea6e608602b7cd2ae6,2025-05-28 00:06:00,1,Texas Rangers,Toronto Blue Jays,136.00,-162.00,2025-05-26 17:14:35,3500.00,-50000.00,2025-05-28 02:46:13,3364.00,-49838.00,2,0,F,HOME_WIN,-100.0000
4814,536e18402bcbba92126ba1c9ce970b3f,2025-05-27 00:11:00,1,Arizona Diamondbacks,Pittsburgh Pirates,152.00,-180.00,2025-05-25 18:14:51,1060.00,-3500.00,2025-05-27 02:14:23,908.00,-3320.00,5,0,F,HOME_WIN,-100.0000
4784,db52a7e5036a1530ad5ef93ee84c4d03,2025-05-25 02:08:00,1,Los Angeles Angels,Miami Marlins,146.00,-174.00,2025-05-23 18:13:58,-5000.00,1300.00,2025-05-25 04:50:20,-5146.00,1474.00,2,6,F,AWAY_WIN,146.0000
4763,5adbea133d58c8bc57c175f9eada710d,2025-05-24 00:11:00,1,Minnesota Twins,Kansas City Royals,142.00,-168.00,2025-05-22 17:59:22,114.00,-146.00,2025-05-24 02:25:07,-28.00,22.00,3,1,F,HOME_WIN,-100.0000
4750,e549bb5edb49993e9160965c5cb63ce3,2025-05-22 22:41:00,1,Detroit Tigers,Cleveland Guardians,140.00,-166.00,2025-05-21 16:58:10,-10000.00,1700.00,2025-05-23 00:59:37,-10140.00,1866.00,0,7,F,AWAY_WIN,140.0000
4749,cce11cf5e22032a39a40cba5eb00beea,2025-05-22 19:35:08,0,Oakland Athletics,Los Angeles Angels,130.00,-154.00,2025-05-21 16:58:10,-3500.00,1060.00,2025-05-22 22:29:52,-3630.00,1214.00,,,,NO_SCORE,0.0000
4746,b0d923ddc97a10cd1243db1455741b0e,2025-05-22 16:38:00,1,New York Yankees,Texas Rangers,132.00,-156.00,2025-05-21 16:44:18,2500.00,-20000.00,2025-05-22 19:04:19,2368.00,-19844.00,1,0,F,HOME_WIN,-100.0000
4741,bc795a53c79bc7c0921b501918b12f54,2025-05-21 19:46:00,1,San Francisco Giants,Kansas City Royals,168.00,-200.00,2025-05-20 23:14:26,-20000.00,2500.00,2025-05-21 21:44:14,-20168.00,2700.00,4,8,F,AWAY_WIN,168.0000
4715,6c1f83f4ea1dd3917538a4009499d26b,2025-05-20 23:06:00,1,New York Yankees,Texas Rangers,142.00,-168.00,2025-05-19 17:29:40,1060.00,-3500.00,2025-05-21 01:29:57,918.00,-3332.00,5,2,F,HOME_WIN,-100.0000
4710,61863c6199c135fe932ac9df999c72e5,2025-05-19 23:45:50,1,St. Louis Cardinals,Detroit Tigers,134.00,-158.00,2025-05-18 20:29:16,3500.00,-50000.00,2025-05-20 01:29:50,3366.00,-49842.00,11,4,F,HOME_WIN,-100.0000
4696,748efef7df31ec2814da7f1bf7467157,2025-05-18 23:10:30,1,New York Yankees,New York Mets,130.00,-154.00,2025-05-17 18:57:25,1500.00,-7000.00,2025-05-19 02:01:33,1370.00,-6846.00,8,2,F,HOME_WIN,-100.0000
4697,ded68e4888fafe5c663cd6493c5f3bfc,2025-05-18 18:10:31,1,Milwaukee Brewers,Minnesota Twins,138.00,-164.00,2025-05-17 19:28:46,3000.00,-20000.00,2025-05-18 20:27:36,2862.00,-19836.00,5,2,F,HOME_WIN,-100.0000
4686,398ea85ceb1213437e8f356f6d0093fa,2025-05-18 17:36:18,1,Baltimore Orioles,Washington Nationals,146.00,-174.00,2025-05-17 18:14:17,-7000.00,1500.00,2025-05-18 19:51:05,-7146.00,1674.00,4,10,F,AWAY_WIN,146.0000
4385,0f81f6076adbd06089260a551c7ad8ba,2025-05-18 00:41:33,1,San Diego Padres,Seattle Mariners,146.00,-174.00,2025-05-17 03:09:29,-10000.00,1800.00,2025-05-18 03:14:22,-10146.00,1974.00,1,4,F,AWAY_WIN,146.0000
4365,3e418dc886a40c6f18740d3311ca8d80,2025-05-16 02:11:00,0,Los Angeles Dodgers,Oakland Athletics,166.00,-198.00,2025-05-14 20:14:34,166.00,-198.00,2025-05-14 21:42:34,0.00,0.00,,,,NO_SCORE,0.0000
4363,a3af43e73939ff8fc4e165cb23690596,2025-05-15 19:07:00,1,Toronto Blue Jays,Tampa Bay Rays,142.00,-168.00,2025-05-14 16:44:55,142.00,-168.00,2025-05-14 21:42:34,0.00,0.00,3,8,F,AWAY_WIN,142.0000
4350,b9ea21529144321ca07839eed528cac7,2025-05-15 01:40:00,1,San Diego Padres,Los Angeles Angels,140.00,-166.00,2025-05-13 16:59:48,158.00,-188.00,2025-05-14 21:42:34,18.00,-22.00,5,1,F,HOME_WIN,-100.0000
4348,eb57f699d49fb50479f8b16b6cffac98,2025-05-14 23:40:00,1,Chicago Cubs,Miami Marlins,164.00,-196.00,2025-05-13 16:59:48,180.00,-215.00,2025-05-14 21:42:34,16.00,-19.00,1,3,F,AWAY_WIN,164.0000
4346,7097f15490db799f47fa154f06fb5ed4,2025-05-14 23:15:00,1,Atlanta Braves,Washington Nationals,160.00,-190.00,2025-05-13 16:43:59,158.00,-188.00,2025-05-14 21:42:34,-2.00,2.00,4,5,F,AWAY_WIN,160.0000
4353,6e7cda3e00bc66f9ea37cb8d7e2272d3,2025-05-14 17:11:00,1,Cleveland Guardians,Milwaukee Brewers,130.00,-154.00,2025-05-13 19:56:45,-50000.00,3500.00,2025-05-14 19:58:52,-50130.00,3654.00,5,9,F,AWAY_WIN,130.0000
4339,ca3382748d158a9f8c614fa61f754c94,2025-05-14 17:06:00,1,Philadelphia Phillies,St. Louis Cardinals,146.00,-174.00,2025-05-13 16:43:59,2200.00,-20000.00,2025-05-14 19:41:59,2054.00,-19826.00,7,14,F,AWAY_WIN,146.0000
4323,f4182e2059cc98d99eda35c8ef8c0ec4,2025-05-14 02:10:00,0,Los Angeles Dodgers,Oakland Athletics,166.00,-198.00,2025-05-12 17:29:13,-4000.00,1100.00,2025-05-14 03:59:05,-4166.00,1298.00,,,,NO_SCORE,0.0000
4320,d114ce697e9198da37a8d7102180d87e,2025-05-14 01:41:03,1,San Diego Padres,Los Angeles Angels,168.00,-200.00,2025-05-12 17:14:25,320.00,-460.00,2025-05-14 04:14:27,152.00,-260.00,6,4,F,HOME_WIN,-100.0000
4312,e841062c53d8faf2cd42dcd4a4f1bb77,2025-05-14 00:26:00,1,Cincinnati Reds,Chicago White Sox,168.00,-200.00,2025-05-12 16:58:30,-3000.00,1000.00,2025-05-14 03:18:38,-3168.00,1200.00,1,5,F,AWAY_WIN,168.0000
4318,1513241419ce2c190d022a931bf18c3e,2025-05-14 00:08:48,1,Texas Rangers,Colorado Rockies,172.00,-205.00,2025-05-12 17:14:25,1060.00,-3500.00,2025-05-14 02:34:59,888.00,-3295.00,4,1,F,HOME_WIN,-100.0000
4313,8d97bf75761b43da6414291a1818c22c,2025-05-13 22:45:00,0,Philadelphia Phillies,St. Louis Cardinals,134.00,-158.00,2025-05-12 16:58:30,122.00,-144.00,2025-05-13 19:05:55,-12.00,14.00,,,,NO_SCORE,0.0000
4298,c2d4becd5ffe5ef613f705f415ab8eff,2025-05-12 23:15:42,1,Atlanta Braves,Washington Nationals,140.00,-166.00,2025-05-11 16:44:02,285.00,-400.00,2025-05-13 01:34:01,145.00,-234.00,4,3,F,HOME_WIN,-100.0000
4304,3a2d32190a6635fb6133f4ac0c4431ca,2025-05-12 22:47:33,1,Philadelphia Phillies,St. Louis Cardinals,158.00,-188.00,2025-05-11 19:29:24,-620.00,400.00,2025-05-13 00:57:29,-778.00,588.00,2,3,F,AWAY_WIN,158.0000
4291,b2ee27dfa0f94c7a7aae280eb4bb0bb5,2025-05-11 20:11:50,1,Seattle Mariners,Toronto Blue Jays,138.00,-164.00,2025-05-10 17:59:41,-50000.00,3500.00,2025-05-11 21:59:44,-50138.00,3664.00,1,9,F,AWAY_WIN,138.0000
4287,e2582261feab9a7f892357a2547f67d2,2025-05-11 18:11:40,1,Minnesota Twins,San Francisco Giants,134.00,-158.00,2025-05-10 17:59:41,158.00,-205.00,2025-05-11 21:09:01,24.00,-47.00,7,6,F,HOME_WIN,-100.0000
4286,7d9b0a89dfe9bb3a6371bd19e4a5a64f,2025-05-11 18:10:40,1,Houston Astros,Cincinnati Reds,130.00,-154.00,2025-05-10 17:59:41,1500.00,-7000.00,2025-05-11 19:44:44,1370.00,-6846.00,6,0,F,HOME_WIN,-100.0000
4252,886611734f46dc1b7108c08767b02db2,2025-05-10 00:11:05,1,Houston Astros,Cincinnati Reds,164.00,-196.00,2025-05-08 17:28:19,1400.00,-6000.00,2025-05-10 02:12:39,1236.00,-5804.00,3,0,F,HOME_WIN,-100.0000
4249,0dbedb1f7cdea52afbac03b1781b7122,2025-05-09 23:10:19,1,New York Mets,Chicago Cubs,138.00,-164.00,2025-05-08 17:28:19,2500.00,-20000.00,2025-05-10 00:57:14,2362.00,-19836.00,7,2,F,HOME_WIN,-100.0000
4240,34eb0193dded425d1059ce317ec41860,2025-05-08 23:16:22,1,Atlanta Braves,Cincinnati Reds,142.00,-168.00,2025-05-07 18:28:29,240.00,-330.00,2025-05-09 02:25:45,98.00,-162.00,5,4,F,HOME_WIN,-100.0000
4235,0728124429aae78a3a1920042e3fec7d,2025-05-08 17:11:02,1,Minnesota Twins,Baltimore Orioles,138.00,-164.00,2025-05-07 18:15:04,3500.00,-50000.00,2025-05-08 19:34:37,3362.00,-49836.00,5,2,F,HOME_WIN,-100.0000
4224,c16fd938f81094fe3c09a3e63f100938,2025-05-07 23:10:00,1,New York Yankees,San Diego Padres,150.00,-178.00,2025-05-06 17:58:07,285.00,-400.00,2025-05-08 02:10:03,135.00,-222.00,4,3,F,HOME_WIN,-100.0000
4219,b883859e8cd310eeaebd5c8f4d70e786,2025-05-07 17:16:06,1,St. Louis Cardinals,Pittsburgh Pirates,144.00,-172.00,2025-05-06 17:44:40,3000.00,-50000.00,2025-05-07 19:14:59,2856.00,-49828.00,5,0,F,HOME_WIN,-100.0000
4206,3a371ce64ca2be8604d742293bb9dbac,2025-05-06 23:41:38,1,Minnesota Twins,Baltimore Orioles,138.00,-164.00,2025-05-05 17:28:35,1800.00,-10000.00,2025-05-07 01:42:17,1662.00,-9836.00,9,1,F,HOME_WIN,-100.0000
4190,a33f5ecd377c70aea5d189c2a0cd3a30,2025-05-05 23:46:19,1,St. Louis Cardinals,Pittsburgh Pirates,138.00,-164.00,2025-05-04 18:12:07,1700.00,-10000.00,2025-05-06 02:23:22,1562.00,-9836.00,6,3,F,HOME_WIN,-100.0000
4194,6c8226d10656701d338218d0e3bcc019,2025-05-05 23:32:58,1,New York Yankees,San Diego Padres,130.00,-154.00,2025-05-04 18:59:08,-10000.00,1700.00,2025-05-06 02:54:28,-10130.00,1854.00,3,4,F,AWAY_WIN,130.0000
4175,4840664f9e64e5cd34ec7c134807166d,2025-05-04 18:38:00,1,Texas Rangers,Seattle Mariners,154.00,-184.00,2025-05-03 18:10:22,1700.00,-10000.00,2025-05-04 20:26:46,1546.00,-9816.00,8,1,F,HOME_WIN,-100.0000
4171,d72c655a3262ecab9a975629b23113bd,2025-05-04 18:05:26,1,New York Yankees,Tampa Bay Rays,132.00,-156.00,2025-05-03 17:59:47,-260.00,196.00,2025-05-04 19:00:36,-392.00,352.00,5,7,F,AWAY_WIN,132.0000
4170,e5861d94de2cf29cb946aa2e3a56ba45,2025-05-04 17:36:00,1,Boston Red Sox,Minnesota Twins,180.00,-215.00,2025-05-03 17:59:47,-520.00,350.00,2025-05-04 20:01:22,-700.00,565.00,4,5,F,AWAY_WIN,180.0000
4159,ce3de986ef24e5b1e570bec85185b687,2025-05-03 23:02:19,1,Cincinnati Reds,Washington Nationals,144.00,-172.00,2025-05-02 18:13:31,-10000.00,1700.00,2025-05-04 01:28:04,-10144.00,1872.00,6,11,F,AWAY_WIN,144.0000
4153,f0ca2744836db3be5afeffd552a68e69,2025-05-03 17:08:03,1,New York Yankees,Tampa Bay Rays,144.00,-172.00,2025-05-02 18:13:31,-5000.00,1300.00,2025-05-03 19:52:00,-5144.00,1472.00,2,3,F,AWAY_WIN,144.0000
4147,4890b1b3b414f8bb40ab66fee00ab1cf,2025-05-03 00:00:54,1,Cincinnati Reds,Washington Nationals,138.00,-164.00,2025-05-01 21:44:50,1300.00,-5000.00,2025-05-03 01:43:37,1162.00,-4836.00,6,1,F,HOME_WIN,-100.0000
4138,82c4c550af725bd8d584a356544e4428,2025-05-02 23:09:53,1,New York Yankees,Tampa Bay Rays,160.00,-190.00,2025-05-01 17:55:24,1800.00,-10000.00,2025-05-03 01:28:22,1640.00,-9810.00,3,0,F,HOME_WIN,-100.0000
4136,2968c502d918a551eb5926322c27b24c,2025-05-02 22:46:10,1,Philadelphia Phillies,Arizona Diamondbacks,132.00,-156.00,2025-05-01 17:55:24,1700.00,-10000.00,2025-05-03 01:03:54,1568.00,-9844.00,3,2,F,HOME_WIN,-100.0000
4130,5d4d4ab1548cd57f75aa6fb898a19850,2025-05-01 22:45:50,1,Philadelphia Phillies,Washington Nationals,154.00,-184.00,2025-04-30 17:59:24,-1600.00,750.00,2025-05-02 01:06:58,-1754.00,934.00,2,4,F,AWAY_WIN,154.0000
4112,468ab377a358f8d87d123576c58a0bab,2025-04-30 23:05:05,1,Tampa Bay Rays,Kansas City Royals,158.00,-188.00,2025-04-29 22:42:49,-1600.00,750.00,2025-05-01 01:24:46,-1758.00,938.00,0,3,F,AWAY_WIN,158.0000
4096,31f324ed186e731f66abbff69c03fe02,2025-04-30 02:10:33,1,Los Angeles Dodgers,Miami Marlins,160.00,-190.00,2025-04-28 18:13:00,1400.00,-6000.00,2025-04-30 03:11:37,1240.00,-5810.00,15,2,F,HOME_WIN,-100.0000
4094,5e930be7928839127528eaad900deb60,2025-04-30 01:40:43,1,Seattle Mariners,Los Angeles Angels,150.00,-178.00,2025-04-28 18:13:00,1700.00,-10000.00,2025-04-30 03:59:49,1550.00,-9822.00,5,3,F,HOME_WIN,-100.0000
4092,df8d17c9f56557081045b4d078c8c2f4,2025-04-30 00:08:02,0,Texas Rangers,Oakland Athletics,172.00,-205.00,2025-04-28 18:13:00,1300.00,-5000.00,2025-04-30 01:41:03,1128.00,-4795.00,,,,NO_SCORE,0.0000
4067,96f40d70c248643c1c9f7ff7e917bf42,2025-04-27 21:26:13,0,New York Yankees,Toronto Blue Jays,134.00,-158.00,2025-04-26 17:59:05,235.00,-320.00,2025-04-27 21:44:50,101.00,-162.00,,,,NO_SCORE,0.0000
4065,1612205fb8c95c30e9fe0da0c51410eb,2025-04-27 20:12:00,1,Seattle Mariners,Miami Marlins,140.00,-166.00,2025-04-26 17:59:05,830.00,-2000.00,2025-04-27 22:52:24,690.00,-1834.00,7,6,F,HOME_WIN,-100.0000
4061,deacbff1ee283fb07bdf59cd03c05898,2025-04-27 20:05:38,0,Oakland Athletics,Chicago White Sox,180.00,-215.00,2025-04-26 17:59:05,-130.00,102.00,2025-04-27 22:31:54,-310.00,317.00,,,,NO_SCORE,0.0000
4057,98a2ef9fa24952c4ff3db655346c935a,2025-04-27 17:42:00,1,Minnesota Twins,Los Angeles Angels,134.00,-158.00,2025-04-26 17:43:42,1800.00,-10000.00,2025-04-27 19:27:06,1666.00,-9842.00,5,0,F,HOME_WIN,-100.0000
4055,74559e1e1db0c5dc484ed8b63bbd8fcd,2025-04-27 17:40:44,1,Detroit Tigers,Baltimore Orioles,172.00,-205.00,2025-04-26 17:43:42,1800.00,-10000.00,2025-04-27 19:19:22,1628.00,-9795.00,7,0,F,HOME_WIN,-100.0000
4054,a6c7f33fcf9ed22c7593f9dfd35164b6,2025-04-27 17:26:00,1,New York Yankees,Toronto Blue Jays,160.00,-190.00,2025-04-26 17:43:42,3500.00,-50000.00,2025-04-27 23:44:53,3340.00,-49810.00,5,1,F,HOME_WIN,-100.0000
4045,260247d713419302d294fb3e8eec05aa,2025-04-27 00:40:00,1,San Diego Padres,Tampa Bay Rays,130.00,-154.00,2025-04-25 18:28:49,-7000.00,1500.00,2025-04-27 03:33:37,-7130.00,1654.00,1,4,F,AWAY_WIN,130.0000
4036,feb17da7034fe3f61ba07d8ca847888f,2025-04-26 18:17:00,1,St. Louis Cardinals,Milwaukee Brewers,136.00,-162.00,2025-04-25 17:56:41,118.00,-150.00,2025-04-26 21:06:58,-18.00,12.00,6,5,F,HOME_WIN,-100.0000
4033,8b48eae43eda5633ff006f296c21e98f,2025-04-26 17:05:00,0,New York Yankees,Toronto Blue Jays,158.00,-188.00,2025-04-25 17:56:41,160.00,-190.00,2025-04-26 13:34:17,2.00,-2.00,,,,NO_SCORE,0.0000
4028,b518b6e6321200be41e7214cbf9cfb86,2025-04-26 02:10:30,1,Los Angeles Dodgers,Pittsburgh Pirates,180.00,-215.00,2025-04-24 22:29:54,-50000.00,3500.00,2025-04-26 04:49:19,-50180.00,3715.00,0,3,F,AWAY_WIN,180.0000
4027,1dda37598dbc19a45d19351bcecd1478,2025-04-25 23:40:53,1,Minnesota Twins,Los Angeles Angels,172.00,-205.00,2025-04-24 21:44:59,2500.00,-20000.00,2025-04-26 01:10:20,2328.00,-19795.00,11,4,F,HOME_WIN,-100.0000
4013,cc03c43834a94d8586b859fbcdede1e9,2025-04-24 21:26:21,0,Kansas City Royals,Colorado Rockies,168.00,-200.00,2025-04-24 03:59:46,1700.00,-10000.00,2025-04-24 23:27:32,1532.00,-9800.00,,,,NO_SCORE,0.0000
3992,ff3cc6ac8d0497bad078f6705e8e7b0d,2025-04-24 02:00:00,0,Kansas City Royals,Colorado Rockies,158.00,-188.00,2025-04-22 18:29:59,164.00,-196.00,2025-04-24 01:53:30,6.00,-8.00,,,,NO_SCORE,0.0000
3979,fbc68483e8562721e8ae6723f60f74bf,2025-04-23 01:40:00,1,Arizona Diamondbacks,Tampa Bay Rays,132.00,-156.00,2025-04-21 17:28:10,1100.00,-4000.00,2025-04-23 03:43:31,968.00,-3844.00,5,1,F,HOME_WIN,-100.0000
3978,ee7c84191a611654b721451e06369023,2025-04-23 01:38:00,1,Los Angeles Angels,Pittsburgh Pirates,154.00,-184.00,2025-04-21 17:28:10,-50000.00,3500.00,2025-04-23 04:22:27,-50154.00,3684.00,3,9,F,AWAY_WIN,154.0000
3973,5a29e668bd2a6fa85e3b033e764d184b,2025-04-22 23:15:50,1,Atlanta Braves,St. Louis Cardinals,158.00,-188.00,2025-04-21 17:28:10,-7000.00,1700.00,2025-04-23 01:59:58,-7158.00,1888.00,4,10,F,AWAY_WIN,158.0000
3960,5b3eb00d4381bcc6c56515bdd6b277bb,2025-04-21 23:15:00,1,Atlanta Braves,St. Louis Cardinals,146.00,-174.00,2025-04-20 18:27:57,1400.00,-6000.00,2025-04-22 01:23:26,1254.00,-5826.00,7,6,F,HOME_WIN,-100.0000
3941,fc62bdf84633f72531cb09a44615293e,2025-04-20 17:40:00,1,Detroit Tigers,Kansas City Royals,166.00,-198.00,2025-04-19 18:30:01,-480.00,330.00,2025-04-20 20:32:53,-646.00,528.00,3,4,F,AWAY_WIN,166.0000
3935,08303943d2255517f35e66fecb4c65a2,2025-04-20 17:35:00,1,Baltimore Orioles,Cincinnati Reds,136.00,-162.00,2025-04-19 17:58:36,-50000.00,3500.00,2025-04-20 19:14:33,-50136.00,3662.00,2,24,F,AWAY_WIN,136.0000
3928,8f63ecbe9209c375a9fb179e55b1068d,2025-04-19 23:15:00,1,Atlanta Braves,Minnesota Twins,160.00,-190.00,2025-04-18 17:59:27,560.00,-1000.00,2025-04-20 02:16:49,400.00,-810.00,4,3,F,HOME_WIN,-100.0000
3923,05aaeddb98f4a7e7d68741f3a02126ff,2025-04-19 20:06:00,1,New York Mets,St. Louis Cardinals,138.00,-164.00,2025-04-18 17:59:27,1500.00,-7000.00,2025-04-19 22:14:53,1362.00,-6836.00,3,0,F,HOME_WIN,-100.0000
3921,f67d943333717d13841f2718271c76b1,2025-04-19 20:04:00,1,Pittsburgh Pirates,Cleveland Guardians,152.00,-180.00,2025-04-18 17:59:27,-4000.00,1100.00,2025-04-19 22:14:53,-4152.00,1280.00,0,3,F,AWAY_WIN,152.0000
3917,974547aca714c6563b626e76c0c2ca2e,2025-04-19 17:05:00,1,Philadelphia Phillies,Miami Marlins,146.00,-174.00,2025-04-18 17:59:27,1500.00,-7000.00,2025-04-19 19:29:00,1354.00,-6826.00,11,10,F,HOME_WIN,-100.0000
3946,efc2187a27367b5a6409fa12b584bb61,2025-04-19 15:21:00,0,Chicago Cubs,Arizona Diamondbacks,180.00,-235.00,2025-04-19 18:59:33,3500.00,-50000.00,2025-04-19 20:28:58,3320.00,-49765.00,,,,NO_SCORE,0.0000
3908,33473cdf431a39adde8fcb07f543874e,2025-04-18 23:10:00,1,New York Mets,St. Louis Cardinals,146.00,-174.00,2025-04-17 18:27:32,200.00,-265.00,2025-04-19 01:51:40,54.00,-91.00,5,4,F,HOME_WIN,-100.0000
3916,bbf0614a62d62a3a24990dcb048775e4,2025-04-18 23:10:00,1,Boston Red Sox,Chicago White Sox,150.00,-178.00,2025-04-17 21:13:38,1500.00,-7000.00,2025-04-19 00:44:19,1350.00,-6822.00,10,3,F,HOME_WIN,-100.0000
3915,5a0c1b57f6dc842b6f18421cb1a64327,2025-04-18 23:05:16,1,Baltimore Orioles,Cincinnati Reds,136.00,-162.00,2025-04-17 20:57:48,-50000.00,3500.00,2025-04-19 01:43:59,-50136.00,3662.00,3,8,F,AWAY_WIN,136.0000
3894,bdbf2d22586ae08b5a3228374c1eea80,2025-04-17 20:05:00,1,Philadelphia Phillies,San Francisco Giants,134.00,-158.00,2025-04-16 17:44:13,3000.00,-50000.00,2025-04-17 22:21:47,2866.00,-49842.00,6,4,F,HOME_WIN,-100.0000
3881,7b887f6aa184b055fe9ced1f21dd5051,2025-04-16 23:09:00,1,New York Yankees,Kansas City Royals,136.00,-162.00,2025-04-15 22:43:28,900.00,-2500.00,2025-04-17 01:31:52,764.00,-2338.00,4,3,F,HOME_WIN,-100.0000
3862,0dfb748d87f3f0aa0f7f1d9a6025910f,2025-04-15 23:07:00,0,New York Yankees,Kansas City Royals,172.00,-205.00,2025-04-15 14:18:09,1800.00,-10000.00,2025-04-16 01:33:15,1628.00,-9795.00,,,,NO_SCORE,0.0000
3859,74cdd23e0be355dccc690f9ab360ca57,2025-04-15 22:46:14,0,Philadelphia Phillies,San Francisco Giants,136.00,-162.00,2025-04-15 14:18:09,1100.00,-4000.00,2025-04-16 01:19:28,964.00,-3838.00,,,,NO_SCORE,0.0000
